,PassengerId,Survived,Age,SibSp,Parch,Fare,Sex_female,Sex_male,Embarked_C,Embarked_Q,Embarked_S,Pclass_1.0,Pclass_2.0,Pclass_3.0
1,1.0,0.0,22.0,1.0,0.0,0.0141510575622,0.0,1.0,0.0,0.0,1.0,0.0,0.0,1.0
2,2.0,1.0,38.0,1.0,0.0,0.139135735383,1.0,0.0,1.0,0.0,0.0,1.0,0.0,0.0
3,3.0,1.0,26.0,0.0,0.0,0.015468569818,1.0,0.0,0.0,0.0,1.0,0.0,0.0,1.0
4,4.0,1.0,35.0,1.0,0.0,0.103644297456,1.0,0.0,0.0,0.0,1.0,1.0,0.0,0.0
5,5.0,0.0,35.0,0.0,0.0,0.0157125535691,0.0,1.0,0.0,0.0,1.0,0.0,0.0,1.0
6,6.0,0.0,31.0,0.0,0.0,0.0165095020936,0.0,1.0,0.0,1.0,0.0,0.0,0.0,1.0
7,7.0,0.0,54.0,0.0,0.0,0.10122885832,0.0,1.0,0.0,0.0,1.0,1.0,0.0,0.0
8,8.0,0.0,2.0,3.0,1.0,0.0411356604308,0.0,1.0,0.0,0.0,1.0,0.0,0.0,1.0
9,9.0,1.0,27.0,0.0,2.0,0.0217307543665,1.0,0.0,0.0,0.0,1.0,0.0,0.0,1.0
10,10.0,1.0,14.0,1.0,0.0,0.058694292654,1.0,0.0,1.0,0.0,0.0,0.0,1.0,0.0
11,11.0,1.0,4.0,1.0,1.0,0.0325962291433,1.0,0.0,0.0,0.0,1.0,0.0,0.0,1.0
12,12.0,1.0,58.0,0.0,0.0,0.0518221487278,1.0,0.0,0.0,0.0,1.0,1.0,0.0,0.0
13,13.0,0.0,20.0,0.0,0.0,0.0157125535691,0.0,1.0,0.0,0.0,1.0,0.0,0.0,1.0
14,14.0,0.0,39.0,1.0,5.0,0.0610447345184,0.0,1.0,0.0,0.0,1.0,0.0,0.0,1.0
15,15.0,0.0,14.0,0.0,0.0,0.0153303774214,1.0,0.0,0.0,0.0,1.0,0.0,0.0,1.0
16,16.0,1.0,55.0,0.0,0.0,0.0312299201373,1.0,0.0,0.0,0.0,1.0,0.0,1.0,0.0
17,17.0,0.0,2.0,4.0,1.0,0.0568482139999,0.0,1.0,0.0,1.0,0.0,0.0,0.0,1.0
18,18.0,1.0,31.0,0.0,0.0,0.0253743101115,0.0,1.0,0.0,0.0,1.0,0.0,1.0,0.0
19,19.0,0.0,31.0,1.0,0.0,0.0351336601544,1.0,0.0,0.0,0.0,1.0,0.0,0.0,1.0
20,20.0,1.0,35.0,0.0,0.0,0.014102260812,1.0,0.0,1.0,0.0,0.0,0.0,0.0,1.0
21,21.0,0.0,35.0,0.0,0.0,0.0507486202231,0.0,1.0,0.0,0.0,1.0,0.0,1.0,0.0
22,22.0,1.0,34.0,0.0,0.0,0.0253743101115,0.0,1.0,0.0,0.0,1.0,0.0,1.0,0.0
23,23.0,1.0,15.0,0.0,0.0,0.0156719546729,1.0,0.0,0.0,1.0,0.0,0.0,0.0,1.0
24,24.0,1.0,28.0,0.0,0.0,0.0692913853046,0.0,1.0,0.0,0.0,1.0,1.0,0.0,0.0
25,25.0,0.0,8.0,3.0,1.0,0.0411356604308,1.0,0.0,0.0,0.0,1.0,0.0,0.0,1.0
26,26.0,1.0,38.0,1.0,5.0,0.0612643198943,1.0,0.0,0.0,0.0,1.0,0.0,0.0,1.0
27,27.0,0.0,31.0,0.0,0.0,0.014102260812,0.0,1.0,1.0,0.0,0.0,0.0,0.0,1.0
28,28.0,0.0,19.0,3.0,2.0,0.513341812257,0.0,1.0,0.0,0.0,1.0,1.0,0.0,0.0
29,29.0,1.0,21.0,0.0,0.0,0.0153791741716,1.0,0.0,0.0,1.0,0.0,0.0,0.0,1.0
30,30.0,0.0,31.0,0.0,0.0,0.0154115752137,0.0,1.0,0.0,0.0,1.0,0.0,0.0,1.0
31,31.0,0.0,40.0,0.0,0.0,0.0541073981339,0.0,1.0,1.0,0.0,0.0,1.0,0.0,0.0
32,32.0,1.0,35.0,1.0,0.0,0.285989555153,1.0,0.0,1.0,0.0,0.0,1.0,0.0,0.0
33,33.0,1.0,21.0,0.0,0.0,0.0151269925665,1.0,0.0,0.0,1.0,0.0,0.0,0.0,1.0
34,34.0,0.0,66.0,0.0,0.0,0.0204946350901,0.0,1.0,0.0,0.0,1.0,0.0,1.0,0.0
35,35.0,0.0,28.0,1.0,0.0,0.160386720101,0.0,1.0,1.0,0.0,0.0,1.0,0.0,0.0
36,36.0,0.0,42.0,1.0,0.0,0.101497240446,0.0,1.0,0.0,0.0,1.0,1.0,0.0,0.0
37,37.0,1.0,31.0,0.0,0.0,0.014110458666,0.0,1.0,1.0,0.0,0.0,0.0,0.0,1.0
38,38.0,0.0,21.0,0.0,0.0,0.0157125535691,0.0,1.0,0.0,0.0,1.0,0.0,0.0,1.0
39,39.0,0.0,18.0,2.0,0.0,0.0351336601544,1.0,0.0,0.0,0.0,1.0,0.0,0.0,1.0
40,40.0,1.0,14.0,1.0,0.0,0.0219423370755,1.0,0.0,1.0,0.0,0.0,0.0,0.0,1.0
41,41.0,0.0,40.0,1.0,0.0,0.0184939683313,1.0,0.0,0.0,0.0,1.0,0.0,0.0,1.0
42,42.0,0.0,27.0,1.0,0.0,0.0409892701802,1.0,0.0,0.0,0.0,1.0,0.0,1.0,0.0
43,43.0,0.0,31.0,0.0,0.0,0.0154115752137,0.0,1.0,1.0,0.0,0.0,0.0,0.0,1.0
44,44.0,1.0,3.0,1.0,2.0,0.0811571934608,1.0,0.0,1.0,0.0,0.0,0.0,1.0,0.0
45,45.0,1.0,19.0,0.0,0.0,0.0153791741716,1.0,0.0,0.0,1.0,0.0,0.0,0.0,1.0
46,46.0,0.0,31.0,0.0,0.0,0.0157125535691,0.0,1.0,0.0,0.0,1.0,0.0,0.0,1.0
47,47.0,0.0,31.0,1.0,0.0,0.030253985133,0.0,1.0,0.0,1.0,0.0,0.0,0.0,1.0
48,48.0,1.0,21.0,0.0,0.0,0.0151269925665,1.0,0.0,0.0,1.0,0.0,0.0,0.0,1.0
49,49.0,0.0,31.0,2.0,0.0,0.04231498029,0.0,1.0,1.0,0.0,0.0,0.0,0.0,1.0
50,50.0,0.0,18.0,1.0,0.0,0.0347432861527,1.0,0.0,0.0,0.0,1.0,0.0,0.0,1.0
51,51.0,0.0,7.0,4.0,1.0,0.0774648409655,0.0,1.0,0.0,0.0,1.0,0.0,0.0,1.0
52,52.0,0.0,21.0,0.0,0.0,0.0152245860669,0.0,1.0,0.0,0.0,1.0,0.0,0.0,1.0
53,53.0,1.0,49.0,1.0,0.0,0.149765424262,1.0,0.0,1.0,0.0,0.0,1.0,0.0,0.0
54,54.0,1.0,29.0,1.0,0.0,0.0507486202231,1.0,0.0,0.0,0.0,1.0,0.0,1.0,0.0
55,55.0,0.0,65.0,0.0,1.0,0.120975341636,0.0,1.0,1.0,0.0,0.0,1.0,0.0,0.0
56,56.0,1.0,31.0,0.0,0.0,0.0692913853046,0.0,1.0,0.0,0.0,1.0,1.0,0.0,0.0
57,57.0,1.0,21.0,0.0,0.0,0.0204946350901,1.0,0.0,0.0,0.0,1.0,0.0,1.0,0.0
58,58.0,0.0,28.5,0.0,0.0,0.014110458666,0.0,1.0,1.0,0.0,0.0,0.0,0.0,1.0
59,59.0,1.0,5.0,1.0,2.0,0.0541643927381,1.0,0.0,0.0,0.0,1.0,0.0,1.0,0.0
60,60.0,0.0,11.0,5.0,2.0,0.0915427034024,0.0,1.0,0.0,0.0,1.0,0.0,0.0,1.0
61,61.0,0.0,22.0,0.0,0.0,0.014110458666,0.0,1.0,1.0,0.0,0.0,0.0,0.0,1.0
63,63.0,0.0,45.0,1.0,0.0,0.162932348966,0.0,1.0,0.0,0.0,1.0,1.0,0.0,0.0
64,64.0,0.0,4.0,3.0,2.0,0.0544571732394,0.0,1.0,0.0,0.0,1.0,0.0,0.0,1.0
65,65.0,0.0,31.0,0.0,0.0,0.0541073981339,0.0,1.0,1.0,0.0,0.0,1.0,0.0,0.0
66,66.0,1.0,3.5,1.0,1.0,0.0297578197768,0.0,1.0,1.0,0.0,0.0,0.0,0.0,1.0
67,67.0,1.0,29.0,0.0,0.0,0.0204946350901,1.0,0.0,0.0,0.0,1.0,0.0,1.0,0.0
68,68.0,0.0,19.0,0.0,0.0,0.015923941091,0.0,1.0,0.0,0.0,1.0,0.0,0.0,1.0
69,69.0,1.0,17.0,4.0,2.0,0.015468569818,1.0,0.0,0.0,0.0,1.0,0.0,0.0,1.0
70,70.0,0.0,26.0,2.0,0.0,0.0169080739493,0.0,1.0,0.0,0.0,1.0,0.0,0.0,1.0
71,71.0,0.0,32.0,0.0,0.0,0.0204946350901,0.0,1.0,0.0,0.0,1.0,0.0,1.0,0.0
72,72.0,0.0,16.0,5.0,2.0,0.0915427034024,1.0,0.0,0.0,0.0,1.0,0.0,0.0,1.0
73,73.0,0.0,21.0,0.0,0.0,0.143462445631,0.0,1.0,0.0,0.0,1.0,0.0,1.0,0.0
74,74.0,0.0,26.0,1.0,0.0,0.028212719478,0.0,1.0,1.0,0.0,0.0,0.0,0.0,1.0
75,75.0,1.0,32.0,0.0,0.0,0.110272457631,0.0,1.0,0.0,0.0,1.0,0.0,0.0,1.0
76,76.0,0.0,25.0,0.0,0.0,0.0149318055656,0.0,1.0,0.0,0.0,1.0,0.0,0.0,1.0
77,77.0,0.0,31.0,0.0,0.0,0.0154115752137,0.0,1.0,0.0,0.0,1.0,0.0,0.0,1.0
78,78.0,0.0,31.0,0.0,0.0,0.0157125535691,0.0,1.0,0.0,0.0,1.0,0.0,0.0,1.0
79,79.0,1.0,0.83,0.0,2.0,0.0566042302488,0.0,1.0,0.0,0.0,1.0,0.0,1.0,0.0
80,80.0,1.0,30.0,0.0,0.0,0.024349578357,1.0,0.0,0.0,0.0,1.0,0.0,0.0,1.0
81,81.0,0.0,22.0,0.0,0.0,0.0175668300772,0.0,1.0,0.0,0.0,1.0,0.0,0.0,1.0
82,82.0,1.0,29.0,0.0,0.0,0.0185427650815,0.0,1.0,0.0,0.0,1.0,0.0,0.0,1.0
83,83.0,1.0,21.0,0.0,0.0,0.0152001876918,1.0,0.0,0.0,1.0,0.0,0.0,0.0,1.0
84,84.0,0.0,28.0,0.0,0.0,0.0919330774041,0.0,1.0,0.0,0.0,1.0,1.0,0.0,0.0
85,85.0,1.0,17.0,0.0,0.0,0.0204946350901,1.0,0.0,0.0,0.0,1.0,0.0,1.0,0.0
86,86.0,1.0,33.0,3.0,0.0,0.030937139636,1.0,0.0,0.0,0.0,1.0,0.0,0.0,1.0
87,87.0,0.0,16.0,1.0,3.0,0.067095531545,0.0,1.0,0.0,0.0,1.0,0.0,0.0,1.0
88,88.0,0.0,31.0,0.0,0.0,0.0157125535691,0.0,1.0,0.0,0.0,1.0,0.0,0.0,1.0
89,89.0,1.0,23.0,3.0,2.0,0.513341812257,1.0,0.0,0.0,0.0,1.0,1.0,0.0,0.0
90,90.0,0.0,24.0,0.0,0.0,0.0157125535691,0.0,1.0,0.0,0.0,1.0,0.0,0.0,1.0
91,91.0,0.0,29.0,0.0,0.0,0.0157125535691,0.0,1.0,0.0,0.0,1.0,0.0,0.0,1.0
92,92.0,0.0,20.0,0.0,0.0,0.0153303774214,0.0,1.0,0.0,0.0,1.0,0.0,0.0,1.0
93,93.0,0.0,46.0,1.0,0.0,0.119405647775,0.0,1.0,0.0,0.0,1.0,1.0,0.0,0.0
94,94.0,0.0,26.0,1.0,2.0,0.0401597254265,0.0,1.0,0.0,0.0,1.0,0.0,0.0,1.0
95,95.0,0.0,59.0,0.0,0.0,0.0141510575622,0.0,1.0,0.0,0.0,1.0,0.0,0.0,1.0
96,96.0,0.0,31.0,0.0,0.0,0.0157125535691,0.0,1.0,0.0,0.0,1.0,0.0,0.0,1.0
97,97.0,0.0,71.0,0.0,0.0,0.0676404936513,0.0,1.0,1.0,0.0,0.0,1.0,0.0,0.0
98,98.0,1.0,23.0,0.0,1.0,0.123667165565,0.0,1.0,1.0,0.0,0.0,1.0,0.0,0.0
99,99.0,1.0,34.0,0.0,1.0,0.0448930101973,1.0,0.0,0.0,0.0,1.0,0.0,1.0,0.0
100,100.0,0.0,34.0,1.0,0.0,0.0507486202231,0.0,1.0,0.0,0.0,1.0,0.0,1.0,0.0
101,101.0,0.0,28.0,0.0,0.0,0.0154115752137,1.0,0.0,0.0,0.0,1.0,0.0,0.0,1.0
102,102.0,0.0,31.0,0.0,0.0,0.0154115752137,0.0,1.0,0.0,0.0,1.0,0.0,0.0,1.0
103,103.0,0.0,21.0,0.0,1.0,0.150855153288,0.0,1.0,0.0,0.0,1.0,1.0,0.0,0.0
104,104.0,0.0,33.0,0.0,0.0,0.0168918734283,0.0,1.0,0.0,0.0,1.0,0.0,0.0,1.0
105,105.0,0.0,37.0,2.0,0.0,0.015468569818,0.0,1.0,0.0,0.0,1.0,0.0,0.0,1.0
106,106.0,0.0,28.0,0.0,0.0,0.0154115752137,0.0,1.0,0.0,0.0,1.0,0.0,0.0,1.0
107,107.0,1.0,21.0,0.0,0.0,0.0149318055656,1.0,0.0,0.0,0.0,1.0,0.0,0.0,1.0
108,108.0,1.0,31.0,0.0,0.0,0.0151757893167,0.0,1.0,0.0,0.0,1.0,0.0,0.0,1.0
109,109.0,0.0,38.0,0.0,0.0,0.0154115752137,0.0,1.0,0.0,0.0,1.0,0.0,0.0,1.0
110,110.0,1.0,21.0,1.0,0.0,0.0471376607072,1.0,0.0,0.0,1.0,0.0,0.0,0.0,1.0
111,111.0,0.0,47.0,0.0,0.0,0.101497240446,0.0,1.0,0.0,0.0,1.0,1.0,0.0,0.0
112,112.0,0.0,14.5,1.0,0.0,0.028212719478,1.0,0.0,1.0,0.0,0.0,0.0,0.0,1.0
113,113.0,0.0,22.0,0.0,0.0,0.0157125535691,0.0,1.0,0.0,0.0,1.0,0.0,0.0,1.0
114,114.0,0.0,20.0,1.0,0.0,0.0191771228343,1.0,0.0,0.0,0.0,1.0,0.0,0.0,1.0
115,115.0,0.0,17.0,0.0,0.0,0.0282207221451,1.0,0.0,1.0,0.0,0.0,0.0,0.0,1.0
116,116.0,0.0,21.0,0.0,0.0,0.015468569818,0.0,1.0,0.0,0.0,1.0,0.0,0.0,1.0
117,117.0,0.0,70.5,0.0,0.0,0.0151269925665,0.0,1.0,0.0,1.0,0.0,0.0,0.0,1.0
118,118.0,0.0,29.0,1.0,0.0,0.0409892701802,0.0,1.0,0.0,0.0,1.0,0.0,1.0,0.0
119,119.0,0.0,24.0,0.0,1.0,0.48312842602,0.0,1.0,1.0,0.0,0.0,1.0,0.0,0.0
120,120.0,0.0,2.0,4.0,2.0,0.0610447345184,1.0,0.0,0.0,0.0,1.0,0.0,0.0,1.0
121,121.0,0.0,21.0,2.0,0.0,0.143462445631,0.0,1.0,0.0,0.0,1.0,0.0,1.0,0.0
122,122.0,0.0,31.0,0.0,0.0,0.0157125535691,0.0,1.0,0.0,0.0,1.0,0.0,0.0,1.0
123,123.0,0.0,32.5,1.0,0.0,0.058694292654,0.0,1.0,1.0,0.0,0.0,0.0,1.0,0.0
124,124.0,1.0,32.5,0.0,0.0,0.0253743101115,1.0,0.0,0.0,0.0,1.0,0.0,1.0,0.0
125,125.0,0.0,54.0,0.0,1.0,0.150855153288,0.0,1.0,0.0,0.0,1.0,1.0,0.0,0.0
126,126.0,1.0,12.0,1.0,0.0,0.0219423370755,0.0,1.0,1.0,0.0,0.0,0.0,0.0,1.0
127,127.0,0.0,31.0,0.0,0.0,0.0151269925665,0.0,1.0,0.0,1.0,0.0,0.0,0.0,1.0
128,128.0,1.0,24.0,0.0,0.0,0.0139396700403,0.0,1.0,0.0,0.0,1.0,0.0,0.0,1.0
129,129.0,1.0,21.0,1.0,1.0,0.0436404952128,1.0,0.0,1.0,0.0,0.0,0.0,0.0,1.0
130,130.0,0.0,45.0,0.0,0.0,0.0136142933098,0.0,1.0,0.0,0.0,1.0,0.0,0.0,1.0
131,131.0,0.0,33.0,0.0,0.0,0.0154115752137,0.0,1.0,1.0,0.0,0.0,0.0,0.0,1.0
132,132.0,0.0,20.0,0.0,0.0,0.0137606835605,0.0,1.0,0.0,0.0,1.0,0.0,0.0,1.0
133,133.0,0.0,47.0,1.0,0.0,0.0283021151244,1.0,0.0,0.0,0.0,1.0,0.0,0.0,1.0
134,134.0,1.0,29.0,1.0,0.0,0.0507486202231,1.0,0.0,0.0,0.0,1.0,0.0,1.0,0.0
135,135.0,0.0,25.0,0.0,0.0,0.0253743101115,0.0,1.0,0.0,0.0,1.0,0.0,1.0,0.0
136,136.0,0.0,23.0,0.0,0.0,0.0293674457751,0.0,1.0,1.0,0.0,0.0,0.0,1.0,0.0
137,137.0,1.0,19.0,0.0,2.0,0.0513015849965,1.0,0.0,0.0,0.0,1.0,1.0,0.0,0.0
138,138.0,0.0,37.0,1.0,0.0,0.103644297456,0.0,1.0,0.0,0.0,1.0,1.0,0.0,0.0
139,139.0,0.0,16.0,0.0,0.0,0.0179898003081,0.0,1.0,0.0,0.0,1.0,0.0,0.0,1.0
140,140.0,0.0,24.0,0.0,0.0,0.15458810468,0.0,1.0,1.0,0.0,0.0,1.0,0.0,0.0
141,141.0,0.0,35.0,0.0,2.0,0.0297578197768,1.0,0.0,1.0,0.0,0.0,0.0,0.0,1.0
142,142.0,1.0,22.0,0.0,0.0,0.0151269925665,1.0,0.0,0.0,0.0,1.0,0.0,0.0,1.0
143,143.0,1.0,24.0,1.0,0.0,0.030937139636,1.0,0.0,0.0,0.0,1.0,0.0,0.0,1.0
144,144.0,0.0,19.0,0.0,0.0,0.0131751225579,0.0,1.0,0.0,1.0,0.0,0.0,0.0,1.0
145,145.0,0.0,18.0,0.0,0.0,0.0224465050987,0.0,1.0,0.0,0.0,1.0,0.0,1.0,0.0
146,146.0,0.0,19.0,1.0,1.0,0.0717312228153,0.0,1.0,0.0,0.0,1.0,0.0,1.0,0.0
147,147.0,1.0,27.0,0.0,0.0,0.0152163882129,0.0,1.0,0.0,0.0,1.0,0.0,0.0,1.0
148,148.0,0.0,9.0,2.0,2.0,0.067095531545,1.0,0.0,0.0,0.0,1.0,0.0,0.0,1.0
149,149.0,0.0,36.5,0.0,2.0,0.0507486202231,0.0,1.0,0.0,0.0,1.0,0.0,1.0,0.0
150,150.0,0.0,42.0,0.0,0.0,0.0253743101115,0.0,1.0,0.0,0.0,1.0,0.0,1.0,0.0
151,151.0,0.0,51.0,0.0,0.0,0.0244471718575,0.0,1.0,0.0,0.0,1.0,0.0,1.0,0.0
152,152.0,1.0,22.0,1.0,0.0,0.129994542571,1.0,0.0,0.0,0.0,1.0,1.0,0.0,0.0
153,153.0,0.0,55.5,0.0,0.0,0.0157125535691,0.0,1.0,0.0,0.0,1.0,0.0,0.0,1.0
154,154.0,0.0,40.5,0.0,2.0,0.0283021151244,0.0,1.0,0.0,0.0,1.0,0.0,0.0,1.0
155,155.0,0.0,31.0,0.0,0.0,0.0142730494377,0.0,1.0,0.0,0.0,1.0,0.0,0.0,1.0
156,156.0,0.0,51.0,0.0,1.0,0.119804219631,0.0,1.0,1.0,0.0,0.0,1.0,0.0,0.0
157,157.0,1.0,16.0,0.0,0.0,0.0150943963374,1.0,0.0,0.0,1.0,0.0,0.0,0.0,1.0
158,158.0,0.0,30.0,0.0,0.0,0.0157125535691,0.0,1.0,0.0,0.0,1.0,0.0,0.0,1.0
159,159.0,0.0,31.0,0.0,0.0,0.0169080739493,0.0,1.0,0.0,0.0,1.0,0.0,0.0,1.0
160,160.0,0.0,3.5,8.0,2.0,0.135752559097,0.0,1.0,0.0,0.0,1.0,0.0,0.0,1.0
161,161.0,0.0,44.0,0.0,1.0,0.0314251071381,0.0,1.0,0.0,0.0,1.0,0.0,0.0,1.0
162,162.0,1.0,40.0,0.0,0.0,0.0307419526351,1.0,0.0,0.0,0.0,1.0,0.0,1.0,0.0
163,163.0,0.0,26.0,0.0,0.0,0.0151757893167,0.0,1.0,0.0,0.0,1.0,0.0,0.0,1.0
164,164.0,0.0,17.0,0.0,0.0,0.0169080739493,0.0,1.0,0.0,0.0,1.0,0.0,0.0,1.0
165,165.0,0.0,1.0,4.0,1.0,0.0774648409655,0.0,1.0,0.0,0.0,1.0,0.0,0.0,1.0
166,166.0,1.0,9.0,0.0,2.0,0.0400621319261,0.0,1.0,0.0,0.0,1.0,0.0,0.0,1.0
167,167.0,1.0,35.0,0.0,1.0,0.107352850472,1.0,0.0,0.0,0.0,1.0,1.0,0.0,0.0
168,168.0,0.0,45.0,1.0,4.0,0.0544571732394,1.0,0.0,0.0,0.0,1.0,0.0,0.0,1.0
169,169.0,0.0,31.0,0.0,0.0,0.0506022299724,0.0,1.0,0.0,0.0,1.0,1.0,0.0,0.0
170,170.0,0.0,28.0,0.0,0.0,0.110272457631,0.0,1.0,0.0,0.0,1.0,0.0,0.0,1.0
171,171.0,0.0,61.0,0.0,0.0,0.0653876452874,0.0,1.0,0.0,0.0,1.0,1.0,0.0,0.0
172,172.0,0.0,4.0,4.0,1.0,0.0568482139999,0.0,1.0,0.0,1.0,0.0,0.0,0.0,1.0
173,173.0,1.0,1.0,1.0,1.0,0.0217307543665,1.0,0.0,0.0,0.0,1.0,0.0,0.0,1.0
174,174.0,0.0,21.0,0.0,0.0,0.015468569818,0.0,1.0,0.0,0.0,1.0,0.0,0.0,1.0
175,175.0,0.0,56.0,0.0,0.0,0.0599142114094,0.0,1.0,1.0,0.0,0.0,1.0,0.0,0.0
176,176.0,0.0,18.0,1.0,1.0,0.0153303774214,0.0,1.0,0.0,0.0,1.0,0.0,0.0,1.0
177,177.0,0.0,3.5,3.0,1.0,0.0497076879475,0.0,1.0,0.0,0.0,1.0,0.0,0.0,1.0
178,178.0,0.0,50.0,0.0,0.0,0.0560430676214,1.0,0.0,1.0,0.0,0.0,1.0,0.0,0.0
179,179.0,0.0,30.0,0.0,0.0,0.0253743101115,0.0,1.0,0.0,0.0,1.0,0.0,1.0,0.0
180,180.0,0.0,36.0,0.0,0.0,0.0,0.0,1.0,0.0,0.0,1.0,0.0,0.0,1.0
181,181.0,0.0,21.0,8.0,2.0,0.135752559097,1.0,0.0,0.0,0.0,1.0,0.0,0.0,1.0
182,182.0,0.0,31.0,0.0,0.0,0.0293756436291,0.0,1.0,1.0,0.0,0.0,0.0,1.0,0.0
183,183.0,0.0,9.0,4.0,2.0,0.0612643198943,0.0,1.0,0.0,0.0,1.0,0.0,0.0,1.0
184,184.0,1.0,1.0,2.0,1.0,0.0761229303346,0.0,1.0,0.0,0.0,1.0,0.0,1.0,0.0
185,185.0,1.0,4.0,0.0,2.0,0.042989936939,1.0,0.0,0.0,0.0,1.0,0.0,0.0,1.0
186,186.0,0.0,31.0,0.0,0.0,0.097593500429,0.0,1.0,0.0,0.0,1.0,1.0,0.0,0.0
187,187.0,1.0,35.0,1.0,0.0,0.030253985133,1.0,0.0,0.0,1.0,0.0,0.0,0.0,1.0
188,188.0,1.0,45.0,0.0,0.0,0.0518221487278,0.0,1.0,0.0,0.0,1.0,1.0,0.0,0.0
189,189.0,0.0,40.0,1.0,1.0,0.030253985133,0.0,1.0,0.0,1.0,0.0,0.0,0.0,1.0
190,190.0,0.0,36.0,0.0,0.0,0.0154115752137,0.0,1.0,0.0,0.0,1.0,0.0,0.0,1.0
191,191.0,1.0,32.0,0.0,0.0,0.0253743101115,1.0,0.0,0.0,0.0,1.0,0.0,1.0,0.0
192,192.0,0.0,19.0,0.0,0.0,0.0253743101115,0.0,1.0,0.0,0.0,1.0,0.0,1.0,0.0
193,193.0,1.0,19.0,1.0,0.0,0.0153303774214,1.0,0.0,0.0,0.0,1.0,0.0,0.0,1.0
194,194.0,1.0,3.0,1.0,1.0,0.0507486202231,0.0,1.0,0.0,0.0,1.0,0.0,1.0,0.0
195,195.0,1.0,44.0,0.0,0.0,0.0541073981339,1.0,0.0,1.0,0.0,0.0,1.0,0.0,0.0
196,196.0,1.0,58.0,0.0,0.0,0.285989555153,1.0,0.0,1.0,0.0,0.0,1.0,0.0,0.0
197,197.0,0.0,31.0,0.0,0.0,0.0151269925665,0.0,1.0,0.0,1.0,0.0,0.0,0.0,1.0
198,198.0,0.0,42.0,0.0,1.0,0.0164039059261,0.0,1.0,0.0,0.0,1.0,0.0,0.0,1.0
199,199.0,1.0,21.0,0.0,0.0,0.0151269925665,1.0,0.0,0.0,1.0,0.0,0.0,0.0,1.0
200,200.0,0.0,24.0,0.0,0.0,0.0253743101115,1.0,0.0,0.0,0.0,1.0,0.0,1.0,0.0
201,201.0,0.0,28.0,0.0,0.0,0.0185427650815,0.0,1.0,0.0,0.0,1.0,0.0,0.0,1.0
202,202.0,0.0,31.0,8.0,2.0,0.135752559097,0.0,1.0,0.0,0.0,1.0,0.0,0.0,1.0
203,203.0,0.0,34.0,0.0,0.0,0.0126789572017,0.0,1.0,0.0,0.0,1.0,0.0,0.0,1.0
204,204.0,0.0,45.5,0.0,0.0,0.014102260812,0.0,1.0,1.0,0.0,0.0,0.0,0.0,1.0
205,205.0,1.0,18.0,0.0,0.0,0.0157125535691,0.0,1.0,0.0,0.0,1.0,0.0,0.0,1.0
206,206.0,0.0,2.0,0.0,1.0,0.0204214399648,1.0,0.0,0.0,0.0,1.0,0.0,0.0,1.0
207,207.0,0.0,32.0,1.0,0.0,0.030937139636,0.0,1.0,0.0,0.0,1.0,0.0,0.0,1.0
208,208.0,1.0,26.0,0.0,0.0,0.0366707577862,0.0,1.0,1.0,0.0,0.0,0.0,0.0,1.0
209,209.0,1.0,16.0,0.0,0.0,0.0151269925665,1.0,0.0,0.0,1.0,0.0,0.0,0.0,1.0
210,210.0,1.0,40.0,0.0,0.0,0.060507970266,0.0,1.0,1.0,0.0,0.0,1.0,0.0,0.0
211,211.0,0.0,24.0,0.0,0.0,0.0137606835605,0.0,1.0,0.0,0.0,1.0,0.0,0.0,1.0
212,212.0,1.0,35.0,0.0,0.0,0.0409892701802,1.0,0.0,0.0,0.0,1.0,0.0,1.0,0.0
213,213.0,0.0,22.0,0.0,0.0,0.0141510575622,0.0,1.0,0.0,0.0,1.0,0.0,0.0,1.0
214,214.0,0.0,30.0,0.0,0.0,0.0253743101115,0.0,1.0,0.0,0.0,1.0,0.0,1.0,0.0
215,215.0,0.0,31.0,1.0,0.0,0.0151269925665,0.0,1.0,0.0,1.0,0.0,0.0,0.0,1.0
216,216.0,1.0,31.0,1.0,0.0,0.221098075222,1.0,0.0,1.0,0.0,0.0,1.0,0.0,0.0
217,217.0,1.0,27.0,0.0,0.0,0.015468569818,1.0,0.0,0.0,0.0,1.0,0.0,0.0,1.0
218,218.0,0.0,42.0,1.0,0.0,0.0527004902317,0.0,1.0,0.0,0.0,1.0,0.0,1.0,0.0
219,219.0,1.0,32.0,0.0,0.0,0.148911481134,1.0,0.0,1.0,0.0,0.0,1.0,0.0,0.0
220,220.0,0.0,30.0,0.0,0.0,0.0204946350901,0.0,1.0,0.0,0.0,1.0,0.0,1.0,0.0
221,221.0,1.0,16.0,0.0,0.0,0.0157125535691,0.0,1.0,0.0,0.0,1.0,0.0,0.0,1.0
222,222.0,0.0,27.0,0.0,0.0,0.0253743101115,0.0,1.0,0.0,0.0,1.0,0.0,1.0,0.0
223,223.0,0.0,51.0,0.0,0.0,0.0157125535691,0.0,1.0,0.0,0.0,1.0,0.0,0.0,1.0
224,224.0,0.0,31.0,0.0,0.0,0.0154115752137,0.0,1.0,0.0,0.0,1.0,0.0,0.0,1.0
225,225.0,1.0,38.0,1.0,0.0,0.175668300772,0.0,1.0,0.0,0.0,1.0,1.0,0.0,0.0
226,226.0,0.0,22.0,0.0,0.0,0.0182499845802,0.0,1.0,0.0,0.0,1.0,0.0,0.0,1.0
227,227.0,1.0,19.0,0.0,0.0,0.0204946350901,0.0,1.0,0.0,0.0,1.0,0.0,1.0,0.0
228,228.0,0.0,20.5,0.0,0.0,0.0141510575622,0.0,1.0,0.0,0.0,1.0,0.0,0.0,1.0
229,229.0,0.0,18.0,0.0,0.0,0.0253743101115,0.0,1.0,0.0,0.0,1.0,0.0,1.0,0.0
230,230.0,0.0,21.0,3.0,1.0,0.0497076879475,1.0,0.0,0.0,0.0,1.0,0.0,0.0,1.0
231,231.0,1.0,35.0,1.0,0.0,0.162932348966,1.0,0.0,0.0,0.0,1.0,1.0,0.0,0.0
232,232.0,0.0,29.0,0.0,0.0,0.0151757893167,0.0,1.0,0.0,0.0,1.0,0.0,0.0,1.0
233,233.0,0.0,59.0,0.0,0.0,0.0263502451158,0.0,1.0,0.0,0.0,1.0,0.0,1.0,0.0
234,234.0,1.0,5.0,4.0,2.0,0.0612643198943,1.0,0.0,0.0,0.0,1.0,0.0,0.0,1.0
235,235.0,0.0,24.0,0.0,0.0,0.0204946350901,0.0,1.0,0.0,0.0,1.0,0.0,1.0,0.0
236,236.0,0.0,21.0,0.0,0.0,0.0147366185648,1.0,0.0,0.0,0.0,1.0,0.0,0.0,1.0
237,237.0,0.0,44.0,1.0,0.0,0.0507486202231,0.0,1.0,0.0,0.0,1.0,0.0,1.0,0.0
238,238.0,1.0,8.0,0.0,2.0,0.0512365877252,1.0,0.0,0.0,0.0,1.0,0.0,1.0,0.0
239,239.0,0.0,19.0,0.0,0.0,0.0204946350901,0.0,1.0,0.0,0.0,1.0,0.0,1.0,0.0
240,240.0,0.0,33.0,0.0,0.0,0.0239592043553,0.0,1.0,0.0,0.0,1.0,0.0,1.0,0.0
241,241.0,0.0,21.0,1.0,0.0,0.028212719478,1.0,0.0,1.0,0.0,0.0,0.0,0.0,1.0
242,242.0,1.0,21.0,1.0,0.0,0.030253985133,1.0,0.0,0.0,1.0,0.0,0.0,0.0,1.0
243,243.0,0.0,29.0,0.0,0.0,0.0204946350901,0.0,1.0,0.0,0.0,1.0,0.0,1.0,0.0
244,244.0,0.0,22.0,0.0,0.0,0.0139070738111,0.0,1.0,0.0,0.0,1.0,0.0,0.0,1.0
245,245.0,0.0,30.0,0.0,0.0,0.014102260812,0.0,1.0,1.0,0.0,0.0,0.0,0.0,1.0
246,246.0,0.0,44.0,2.0,0.0,0.175668300772,0.0,1.0,0.0,1.0,0.0,1.0,0.0,0.0
247,247.0,0.0,25.0,0.0,0.0,0.0151757893167,1.0,0.0,0.0,0.0,1.0,0.0,0.0,1.0
248,248.0,1.0,24.0,0.0,2.0,0.0283021151244,1.0,0.0,0.0,0.0,1.0,0.0,1.0,0.0
249,249.0,1.0,37.0,1.0,1.0,0.102578966805,0.0,1.0,0.0,0.0,1.0,1.0,0.0,0.0
250,250.0,0.0,54.0,1.0,0.0,0.0507486202231,0.0,1.0,0.0,0.0,1.0,0.0,1.0,0.0
251,251.0,0.0,31.0,0.0,0.0,0.0141510575622,0.0,1.0,0.0,0.0,1.0,0.0,0.0,1.0
252,252.0,0.0,29.0,1.0,1.0,0.0204214399648,1.0,0.0,0.0,0.0,1.0,0.0,0.0,1.0
253,253.0,0.0,62.0,0.0,0.0,0.0518221487278,0.0,1.0,0.0,0.0,1.0,1.0,0.0,0.0
254,254.0,0.0,30.0,1.0,0.0,0.0314251071381,0.0,1.0,0.0,0.0,1.0,0.0,0.0,1.0
255,255.0,0.0,41.0,0.0,2.0,0.0394521725484,1.0,0.0,0.0,0.0,1.0,0.0,0.0,1.0
256,256.0,1.0,29.0,0.0,2.0,0.0297578197768,1.0,0.0,1.0,0.0,0.0,0.0,0.0,1.0
257,257.0,1.0,35.0,0.0,0.0,0.15458810468,1.0,0.0,1.0,0.0,0.0,1.0,0.0,0.0
258,258.0,1.0,30.0,0.0,0.0,0.168836755742,1.0,0.0,0.0,0.0,1.0,1.0,0.0,0.0
259,259.0,1.0,35.0,0.0,0.0,1.0,1.0,0.0,1.0,0.0,0.0,1.0,0.0,0.0
260,260.0,1.0,50.0,0.0,1.0,0.0507486202231,1.0,0.0,0.0,0.0,1.0,0.0,1.0,0.0
261,261.0,0.0,31.0,0.0,0.0,0.0151269925665,0.0,1.0,0.0,1.0,0.0,0.0,0.0,1.0
262,262.0,1.0,3.0,4.0,2.0,0.0612643198943,0.0,1.0,0.0,0.0,1.0,0.0,0.0,1.0
263,263.0,0.0,52.0,1.0,1.0,0.155466446183,0.0,1.0,0.0,0.0,1.0,1.0,0.0,0.0
264,264.0,0.0,40.0,0.0,0.0,0.0,0.0,1.0,0.0,0.0,1.0,1.0,0.0,0.0
265,265.0,0.0,21.0,0.0,0.0,0.0151269925665,1.0,0.0,0.0,1.0,0.0,0.0,0.0,1.0
266,266.0,0.0,36.0,0.0,0.0,0.0204946350901,0.0,1.0,0.0,0.0,1.0,0.0,1.0,0.0
267,267.0,0.0,16.0,4.0,1.0,0.0774648409655,0.0,1.0,0.0,0.0,1.0,0.0,0.0,1.0
268,268.0,1.0,25.0,1.0,0.0,0.0151757893167,0.0,1.0,0.0,0.0,1.0,0.0,0.0,1.0
269,269.0,1.0,58.0,0.0,1.0,0.299538851192,1.0,0.0,0.0,0.0,1.0,1.0,0.0,0.0
270,270.0,1.0,35.0,0.0,0.0,0.264738570435,1.0,0.0,0.0,0.0,1.0,1.0,0.0,0.0
271,271.0,0.0,31.0,0.0,0.0,0.060507970266,0.0,1.0,0.0,0.0,1.0,1.0,0.0,0.0
272,272.0,1.0,25.0,0.0,0.0,0.0,0.0,1.0,0.0,0.0,1.0,0.0,0.0,1.0
273,273.0,1.0,41.0,0.0,1.0,0.0380614651673,1.0,0.0,0.0,0.0,1.0,0.0,1.0,0.0
274,274.0,0.0,37.0,0.0,1.0,0.0579705392548,0.0,1.0,1.0,0.0,0.0,1.0,0.0,0.0
275,275.0,1.0,21.0,0.0,0.0,0.0151269925665,1.0,0.0,0.0,1.0,0.0,0.0,0.0,1.0
276,276.0,1.0,63.0,1.0,0.0,0.15216446769,1.0,0.0,0.0,0.0,1.0,1.0,0.0,0.0
277,277.0,0.0,45.0,0.0,0.0,0.0151269925665,1.0,0.0,0.0,0.0,1.0,0.0,0.0,1.0
278,278.0,0.0,31.0,0.0,0.0,0.0,0.0,1.0,0.0,0.0,1.0,0.0,1.0,0.0
279,279.0,0.0,7.0,4.0,1.0,0.0568482139999,0.0,1.0,0.0,1.0,0.0,0.0,0.0,1.0
280,280.0,1.0,35.0,1.0,1.0,0.0395253676738,1.0,0.0,0.0,0.0,1.0,0.0,0.0,1.0
281,281.0,0.0,65.0,0.0,0.0,0.0151269925665,0.0,1.0,0.0,1.0,0.0,0.0,0.0,1.0
282,282.0,0.0,28.0,0.0,0.0,0.0153303774214,0.0,1.0,0.0,0.0,1.0,0.0,0.0,1.0
283,283.0,0.0,16.0,0.0,0.0,0.0185427650815,0.0,1.0,0.0,0.0,1.0,0.0,0.0,1.0
284,284.0,1.0,19.0,0.0,0.0,0.0157125535691,0.0,1.0,0.0,0.0,1.0,0.0,0.0,1.0
285,285.0,0.0,31.0,0.0,0.0,0.0507486202231,0.0,1.0,0.0,0.0,1.0,1.0,0.0,0.0
286,286.0,0.0,33.0,0.0,0.0,0.0169080739493,0.0,1.0,1.0,0.0,0.0,0.0,0.0,1.0
287,287.0,1.0,30.0,0.0,0.0,0.0185427650815,0.0,1.0,0.0,0.0,1.0,0.0,0.0,1.0
288,288.0,0.0,22.0,0.0,0.0,0.0154115752137,0.0,1.0,0.0,0.0,1.0,0.0,0.0,1.0
289,289.0,1.0,42.0,0.0,0.0,0.0253743101115,0.0,1.0,0.0,0.0,1.0,0.0,1.0,0.0
290,290.0,1.0,22.0,0.0,0.0,0.0151269925665,1.0,0.0,0.0,1.0,0.0,0.0,0.0,1.0
291,291.0,1.0,26.0,0.0,0.0,0.153904950177,1.0,0.0,0.0,0.0,1.0,1.0,0.0,0.0
292,292.0,1.0,19.0,1.0,0.0,0.177774758885,1.0,0.0,1.0,0.0,0.0,1.0,0.0,0.0
293,293.0,0.0,36.0,0.0,0.0,0.0251303263605,0.0,1.0,1.0,0.0,0.0,0.0,1.0,0.0
294,294.0,0.0,24.0,0.0,0.0,0.0172740495759,1.0,0.0,0.0,0.0,1.0,0.0,0.0,1.0
295,295.0,0.0,24.0,0.0,0.0,0.0154115752137,0.0,1.0,0.0,0.0,1.0,0.0,0.0,1.0
296,296.0,0.0,31.0,0.0,0.0,0.0541073981339,0.0,1.0,1.0,0.0,0.0,1.0,0.0,0.0
297,297.0,0.0,23.5,0.0,0.0,0.014110458666,0.0,1.0,1.0,0.0,0.0,0.0,0.0,1.0
298,298.0,0.0,2.0,1.0,2.0,0.2958058998,1.0,0.0,0.0,0.0,1.0,1.0,0.0,0.0
299,299.0,1.0,31.0,0.0,0.0,0.0595320352617,0.0,1.0,0.0,0.0,1.0,1.0,0.0,0.0
300,300.0,1.0,50.0,0.0,1.0,0.48312842602,1.0,0.0,1.0,0.0,0.0,1.0,0.0,0.0
301,301.0,1.0,21.0,0.0,0.0,0.0151269925665,1.0,0.0,0.0,1.0,0.0,0.0,0.0,1.0
302,302.0,1.0,31.0,2.0,0.0,0.0453809776995,0.0,1.0,0.0,1.0,0.0,0.0,0.0,1.0
303,303.0,0.0,19.0,0.0,0.0,0.0,0.0,1.0,0.0,0.0,1.0,0.0,0.0,1.0
304,304.0,1.0,21.0,0.0,0.0,0.024105594606,1.0,0.0,0.0,1.0,0.0,0.0,1.0,0.0
305,305.0,0.0,31.0,0.0,0.0,0.0157125535691,0.0,1.0,0.0,0.0,1.0,0.0,0.0,1.0
306,306.0,1.0,0.92,1.0,2.0,0.2958058998,0.0,1.0,0.0,0.0,1.0,1.0,0.0,0.0
307,307.0,1.0,21.0,0.0,0.0,0.216429787722,1.0,0.0,1.0,0.0,0.0,1.0,0.0,0.0
308,308.0,1.0,17.0,1.0,0.0,0.212558643934,1.0,0.0,1.0,0.0,0.0,1.0,0.0,0.0
309,309.0,0.0,30.0,1.0,0.0,0.0468448802059,0.0,1.0,1.0,0.0,0.0,0.0,1.0,0.0
310,310.0,1.0,30.0,0.0,0.0,0.111118398092,1.0,0.0,1.0,0.0,0.0,1.0,0.0,0.0
311,311.0,1.0,24.0,0.0,0.0,0.162314191735,1.0,0.0,1.0,0.0,0.0,1.0,0.0,0.0
312,312.0,1.0,18.0,2.0,2.0,0.512121893501,1.0,0.0,1.0,0.0,0.0,1.0,0.0,0.0
313,313.0,0.0,26.0,1.0,1.0,0.0507486202231,1.0,0.0,0.0,0.0,1.0,0.0,1.0,0.0
314,314.0,0.0,28.0,0.0,0.0,0.0154115752137,0.0,1.0,0.0,0.0,1.0,0.0,0.0,1.0
315,315.0,0.0,43.0,1.0,1.0,0.0512365877252,0.0,1.0,0.0,0.0,1.0,0.0,1.0,0.0
316,316.0,1.0,26.0,0.0,0.0,0.0153303774214,1.0,0.0,0.0,0.0,1.0,0.0,0.0,1.0
317,317.0,1.0,24.0,1.0,0.0,0.0507486202231,1.0,0.0,0.0,0.0,1.0,0.0,1.0,0.0
318,318.0,0.0,54.0,0.0,0.0,0.0273261801201,0.0,1.0,0.0,0.0,1.0,0.0,1.0,0.0
319,319.0,1.0,31.0,0.0,2.0,0.321798367144,1.0,0.0,0.0,0.0,1.0,1.0,0.0,0.0
320,320.0,1.0,40.0,1.0,1.0,0.262526516154,1.0,0.0,1.0,0.0,0.0,1.0,0.0,0.0
321,321.0,0.0,22.0,0.0,0.0,0.0141510575622,0.0,1.0,0.0,0.0,1.0,0.0,0.0,1.0
322,322.0,0.0,27.0,0.0,0.0,0.0154115752137,0.0,1.0,0.0,0.0,1.0,0.0,0.0,1.0
323,323.0,1.0,30.0,0.0,0.0,0.024105594606,1.0,0.0,0.0,1.0,0.0,0.0,1.0,0.0
324,324.0,1.0,22.0,1.0,1.0,0.0566042302488,1.0,0.0,0.0,0.0,1.0,0.0,1.0,0.0
325,325.0,0.0,31.0,8.0,2.0,0.135752559097,0.0,1.0,0.0,0.0,1.0,0.0,0.0,1.0
326,326.0,1.0,36.0,0.0,0.0,0.264738570435,1.0,0.0,1.0,0.0,0.0,1.0,0.0,0.0
327,327.0,0.0,61.0,0.0,0.0,0.0121747891785,0.0,1.0,0.0,0.0,1.0,0.0,0.0,1.0
328,328.0,1.0,36.0,0.0,0.0,0.0253743101115,1.0,0.0,0.0,0.0,1.0,0.0,1.0,0.0
329,329.0,1.0,31.0,1.0,1.0,0.0400621319261,1.0,0.0,0.0,0.0,1.0,0.0,0.0,1.0
330,330.0,1.0,16.0,0.0,1.0,0.113167861601,1.0,0.0,1.0,0.0,0.0,1.0,0.0,0.0
331,331.0,1.0,21.0,2.0,0.0,0.0453809776995,1.0,0.0,0.0,1.0,0.0,0.0,0.0,1.0
332,332.0,0.0,45.5,0.0,0.0,0.0556282952445,0.0,1.0,0.0,0.0,1.0,1.0,0.0,0.0
333,333.0,0.0,38.0,0.0,1.0,0.299538851192,0.0,1.0,0.0,0.0,1.0,1.0,0.0,0.0
334,334.0,0.0,16.0,2.0,0.0,0.0351336601544,0.0,1.0,0.0,0.0,1.0,0.0,0.0,1.0
335,335.0,1.0,35.0,1.0,0.0,0.260867426647,1.0,0.0,0.0,0.0,1.0,1.0,0.0,0.0
336,336.0,0.0,31.0,0.0,0.0,0.0154115752137,0.0,1.0,0.0,0.0,1.0,0.0,0.0,1.0
337,337.0,0.0,29.0,1.0,0.0,0.129994542571,0.0,1.0,0.0,0.0,1.0,1.0,0.0,0.0
338,338.0,1.0,41.0,0.0,0.0,0.262526516154,1.0,0.0,1.0,0.0,0.0,1.0,0.0,0.0
339,339.0,1.0,45.0,0.0,0.0,0.0157125535691,0.0,1.0,0.0,0.0,1.0,0.0,0.0,1.0
340,340.0,0.0,45.0,0.0,0.0,0.0692913853046,0.0,1.0,0.0,0.0,1.0,1.0,0.0,0.0
341,341.0,1.0,2.0,1.0,1.0,0.0507486202231,0.0,1.0,0.0,0.0,1.0,0.0,1.0,0.0
342,342.0,1.0,24.0,3.0,2.0,0.513341812257,1.0,0.0,0.0,0.0,1.0,1.0,0.0,0.0
343,343.0,0.0,28.0,0.0,0.0,0.0253743101115,0.0,1.0,0.0,0.0,1.0,0.0,1.0,0.0
344,344.0,0.0,25.0,0.0,0.0,0.0253743101115,0.0,1.0,0.0,0.0,1.0,0.0,1.0,0.0
345,345.0,0.0,36.0,0.0,0.0,0.0253743101115,0.0,1.0,0.0,0.0,1.0,0.0,1.0,0.0
346,346.0,1.0,24.0,0.0,0.0,0.0253743101115,1.0,0.0,0.0,0.0,1.0,0.0,1.0,0.0
347,347.0,1.0,40.0,0.0,0.0,0.0253743101115,1.0,0.0,0.0,0.0,1.0,0.0,1.0,0.0
348,348.0,1.0,35.0,1.0,0.0,0.0314251071381,1.0,0.0,0.0,0.0,1.0,0.0,0.0,1.0
349,349.0,1.0,3.0,1.0,1.0,0.0310347331364,0.0,1.0,0.0,0.0,1.0,0.0,0.0,1.0
350,350.0,0.0,42.0,0.0,0.0,0.0169080739493,0.0,1.0,0.0,0.0,1.0,0.0,0.0,1.0
351,351.0,0.0,23.0,0.0,0.0,0.0180060008292,0.0,1.0,0.0,0.0,1.0,0.0,0.0,1.0
352,352.0,0.0,31.0,0.0,0.0,0.0683154503003,0.0,1.0,0.0,0.0,1.0,1.0,0.0,0.0
353,353.0,0.0,15.0,1.0,1.0,0.014110458666,0.0,1.0,1.0,0.0,0.0,0.0,0.0,1.0
354,354.0,0.0,25.0,1.0,0.0,0.0347432861527,0.0,1.0,0.0,0.0,1.0,0.0,0.0,1.0
355,355.0,0.0,31.0,0.0,0.0,0.014102260812,0.0,1.0,1.0,0.0,0.0,0.0,0.0,1.0
356,356.0,0.0,28.0,0.0,0.0,0.0185427650815,0.0,1.0,0.0,0.0,1.0,0.0,0.0,1.0
357,357.0,1.0,22.0,0.0,1.0,0.107352850472,1.0,0.0,0.0,0.0,1.0,1.0,0.0,0.0
358,358.0,0.0,38.0,0.0,0.0,0.0253743101115,1.0,0.0,0.0,0.0,1.0,0.0,1.0,0.0
359,359.0,1.0,21.0,0.0,0.0,0.0153791741716,1.0,0.0,0.0,1.0,0.0,0.0,0.0,1.0
360,360.0,1.0,21.0,0.0,0.0,0.0153791741716,1.0,0.0,0.0,1.0,0.0,0.0,0.0,1.0
361,361.0,0.0,40.0,1.0,4.0,0.0544571732394,0.0,1.0,0.0,0.0,1.0,0.0,0.0,1.0
362,362.0,0.0,29.0,1.0,0.0,0.0541073981339,0.0,1.0,1.0,0.0,0.0,0.0,1.0,0.0
363,363.0,0.0,45.0,0.0,1.0,0.028212719478,1.0,0.0,1.0,0.0,0.0,0.0,0.0,1.0
364,364.0,0.0,35.0,0.0,0.0,0.0137606835605,0.0,1.0,0.0,0.0,1.0,0.0,0.0,1.0
365,365.0,0.0,31.0,1.0,0.0,0.030253985133,0.0,1.0,0.0,1.0,0.0,0.0,0.0,1.0
366,366.0,0.0,30.0,0.0,0.0,0.0141510575622,0.0,1.0,0.0,0.0,1.0,0.0,0.0,1.0
367,367.0,1.0,60.0,1.0,0.0,0.146878218146,1.0,0.0,1.0,0.0,0.0,1.0,0.0,0.0
368,368.0,1.0,35.0,0.0,0.0,0.014110458666,1.0,0.0,1.0,0.0,0.0,0.0,0.0,1.0
369,369.0,1.0,21.0,0.0,0.0,0.0151269925665,1.0,0.0,0.0,1.0,0.0,0.0,0.0,1.0
370,370.0,1.0,24.0,0.0,0.0,0.135264591595,1.0,0.0,1.0,0.0,0.0,1.0,0.0,0.0
371,371.0,1.0,25.0,1.0,0.0,0.108214991455,0.0,1.0,1.0,0.0,0.0,1.0,0.0,0.0
372,372.0,0.0,18.0,1.0,0.0,0.0126789572017,0.0,1.0,0.0,0.0,1.0,0.0,0.0,1.0
373,373.0,0.0,19.0,0.0,0.0,0.0157125535691,0.0,1.0,0.0,0.0,1.0,0.0,0.0,1.0
374,374.0,0.0,22.0,0.0,0.0,0.264738570435,0.0,1.0,1.0,0.0,0.0,1.0,0.0,0.0
375,375.0,0.0,3.0,3.0,1.0,0.0411356604308,1.0,0.0,0.0,0.0,1.0,0.0,0.0,1.0
376,376.0,1.0,35.0,1.0,0.0,0.160386720101,1.0,0.0,1.0,0.0,0.0,1.0,0.0,0.0
377,377.0,1.0,22.0,0.0,0.0,0.0141510575622,1.0,0.0,0.0,0.0,1.0,0.0,0.0,1.0
378,378.0,0.0,27.0,0.0,2.0,0.412820506815,0.0,1.0,1.0,0.0,0.0,1.0,0.0,0.0
379,379.0,0.0,20.0,0.0,0.0,0.00783187840943,0.0,1.0,1.0,0.0,0.0,0.0,0.0,1.0
380,380.0,0.0,19.0,0.0,0.0,0.0151757893167,0.0,1.0,0.0,0.0,1.0,0.0,0.0,1.0
381,381.0,1.0,42.0,0.0,0.0,0.444099223702,1.0,0.0,1.0,0.0,0.0,1.0,0.0,0.0
382,382.0,1.0,1.0,0.0,2.0,0.0307257521141,1.0,0.0,1.0,0.0,0.0,0.0,0.0,1.0
383,383.0,0.0,32.0,0.0,0.0,0.015468569818,0.0,1.0,0.0,0.0,1.0,0.0,0.0,1.0
384,384.0,1.0,35.0,1.0,0.0,0.101497240446,1.0,0.0,0.0,0.0,1.0,1.0,0.0,0.0
385,385.0,0.0,31.0,0.0,0.0,0.0154115752137,0.0,1.0,0.0,0.0,1.0,0.0,0.0,1.0
386,386.0,0.0,18.0,0.0,0.0,0.143462445631,0.0,1.0,0.0,0.0,1.0,0.0,1.0,0.0
387,387.0,0.0,1.0,5.0,2.0,0.0915427034024,0.0,1.0,0.0,0.0,1.0,0.0,0.0,1.0
388,388.0,1.0,36.0,0.0,0.0,0.0253743101115,1.0,0.0,0.0,0.0,1.0,0.0,1.0,0.0
389,389.0,0.0,31.0,0.0,0.0,0.0150863936703,0.0,1.0,0.0,1.0,0.0,0.0,0.0,1.0
390,390.0,1.0,17.0,0.0,0.0,0.023422440103,1.0,0.0,1.0,0.0,0.0,0.0,1.0,0.0
391,391.0,1.0,36.0,1.0,2.0,0.23422440103,0.0,1.0,0.0,0.0,1.0,1.0,0.0,0.0
392,392.0,1.0,21.0,0.0,0.0,0.0152163882129,0.0,1.0,0.0,0.0,1.0,0.0,0.0,1.0
393,393.0,0.0,28.0,2.0,0.0,0.015468569818,0.0,1.0,0.0,0.0,1.0,0.0,0.0,1.0
394,394.0,1.0,23.0,1.0,0.0,0.221098075222,1.0,0.0,1.0,0.0,0.0,1.0,0.0,0.0
395,395.0,1.0,24.0,0.0,2.0,0.0325962291433,1.0,0.0,0.0,0.0,1.0,0.0,0.0,1.0
396,396.0,0.0,22.0,0.0,0.0,0.0152163882129,0.0,1.0,0.0,0.0,1.0,0.0,0.0,1.0
397,397.0,0.0,31.0,0.0,0.0,0.0153303774214,1.0,0.0,0.0,0.0,1.0,0.0,0.0,1.0
398,398.0,0.0,46.0,0.0,0.0,0.0507486202231,0.0,1.0,0.0,0.0,1.0,0.0,1.0,0.0
399,399.0,0.0,23.0,0.0,0.0,0.0204946350901,0.0,1.0,0.0,0.0,1.0,0.0,1.0,0.0
400,400.0,1.0,28.0,0.0,0.0,0.0246911556085,1.0,0.0,0.0,0.0,1.0,0.0,1.0,0.0
401,401.0,1.0,39.0,0.0,0.0,0.015468569818,0.0,1.0,0.0,0.0,1.0,0.0,0.0,1.0
402,402.0,0.0,26.0,0.0,0.0,0.0157125535691,0.0,1.0,0.0,0.0,1.0,0.0,0.0,1.0
403,403.0,0.0,21.0,1.0,0.0,0.0191771228343,1.0,0.0,0.0,0.0,1.0,0.0,0.0,1.0
404,404.0,0.0,28.0,1.0,0.0,0.030937139636,0.0,1.0,0.0,0.0,1.0,0.0,0.0,1.0
405,405.0,0.0,20.0,0.0,0.0,0.0169080739493,1.0,0.0,0.0,0.0,1.0,0.0,0.0,1.0
406,406.0,0.0,34.0,1.0,0.0,0.0409892701802,0.0,1.0,0.0,0.0,1.0,0.0,1.0,0.0
407,407.0,0.0,51.0,0.0,0.0,0.0151269925665,0.0,1.0,0.0,0.0,1.0,0.0,0.0,1.0
408,408.0,1.0,3.0,1.0,1.0,0.0365975626609,0.0,1.0,0.0,0.0,1.0,0.0,1.0,0.0
409,409.0,0.0,21.0,0.0,0.0,0.0151757893167,0.0,1.0,0.0,0.0,1.0,0.0,0.0,1.0
410,410.0,0.0,21.0,3.0,1.0,0.0497076879475,1.0,0.0,0.0,0.0,1.0,0.0,0.0,1.0
411,411.0,0.0,31.0,0.0,0.0,0.0154115752137,0.0,1.0,0.0,0.0,1.0,0.0,0.0,1.0
412,412.0,0.0,31.0,0.0,0.0,0.0133865100798,0.0,1.0,0.0,1.0,0.0,0.0,0.0,1.0
413,413.0,1.0,33.0,1.0,0.0,0.175668300772,1.0,0.0,0.0,1.0,0.0,1.0,0.0,0.0
414,414.0,0.0,31.0,0.0,0.0,0.0,0.0,1.0,0.0,0.0,1.0,0.0,1.0,0.0
415,415.0,1.0,44.0,0.0,0.0,0.015468569818,0.0,1.0,0.0,0.0,1.0,0.0,0.0,1.0
416,416.0,0.0,35.0,0.0,0.0,0.0157125535691,1.0,0.0,0.0,0.0,1.0,0.0,0.0,1.0
417,417.0,1.0,34.0,1.0,1.0,0.0634357752789,1.0,0.0,0.0,0.0,1.0,0.0,1.0,0.0
418,418.0,1.0,18.0,0.0,2.0,0.0253743101115,1.0,0.0,0.0,0.0,1.0,0.0,1.0,0.0
419,419.0,0.0,30.0,0.0,0.0,0.0253743101115,0.0,1.0,0.0,0.0,1.0,0.0,1.0,0.0
420,420.0,0.0,10.0,0.0,2.0,0.0471376607072,1.0,0.0,0.0,0.0,1.0,0.0,0.0,1.0
421,421.0,0.0,31.0,0.0,0.0,0.0154115752137,0.0,1.0,1.0,0.0,0.0,0.0,0.0,1.0
422,422.0,0.0,21.0,0.0,0.0,0.0150943963374,0.0,1.0,0.0,1.0,0.0,0.0,0.0,1.0
423,423.0,0.0,29.0,0.0,0.0,0.0153709763176,0.0,1.0,0.0,0.0,1.0,0.0,0.0,1.0
424,424.0,0.0,28.0,1.0,1.0,0.0281069281236,1.0,0.0,0.0,0.0,1.0,0.0,0.0,1.0
425,425.0,0.0,18.0,1.0,1.0,0.0394521725484,0.0,1.0,0.0,0.0,1.0,0.0,0.0,1.0
426,426.0,0.0,31.0,0.0,0.0,0.0141510575622,0.0,1.0,0.0,0.0,1.0,0.0,0.0,1.0
427,427.0,1.0,28.0,1.0,0.0,0.0507486202231,1.0,0.0,0.0,0.0,1.0,0.0,1.0,0.0
428,428.0,1.0,19.0,0.0,0.0,0.0507486202231,1.0,0.0,0.0,0.0,1.0,0.0,1.0,0.0
429,429.0,0.0,31.0,0.0,0.0,0.0151269925665,0.0,1.0,0.0,1.0,0.0,0.0,0.0,1.0
430,430.0,1.0,32.0,0.0,0.0,0.0157125535691,0.0,1.0,0.0,0.0,1.0,0.0,0.0,1.0
431,431.0,1.0,28.0,0.0,0.0,0.0518221487278,0.0,1.0,0.0,0.0,1.0,1.0,0.0,0.0
432,432.0,1.0,35.0,1.0,0.0,0.0314251071381,1.0,0.0,0.0,0.0,1.0,0.0,0.0,1.0
433,433.0,1.0,42.0,1.0,0.0,0.0507486202231,1.0,0.0,0.0,0.0,1.0,0.0,1.0,0.0
434,434.0,0.0,17.0,0.0,0.0,0.0139070738111,0.0,1.0,0.0,0.0,1.0,0.0,0.0,1.0
435,435.0,0.0,50.0,1.0,0.0,0.10910953348,0.0,1.0,0.0,0.0,1.0,1.0,0.0,0.0
436,436.0,1.0,14.0,1.0,2.0,0.23422440103,1.0,0.0,0.0,0.0,1.0,1.0,0.0,0.0
437,437.0,0.0,21.0,2.0,2.0,0.067095531545,1.0,0.0,0.0,0.0,1.0,0.0,0.0,1.0
438,438.0,1.0,24.0,2.0,3.0,0.0365975626609,1.0,0.0,0.0,0.0,1.0,0.0,1.0,0.0
439,439.0,0.0,64.0,1.0,4.0,0.513341812257,0.0,1.0,0.0,0.0,1.0,1.0,0.0,0.0
440,440.0,0.0,31.0,0.0,0.0,0.0204946350901,0.0,1.0,0.0,0.0,1.0,0.0,1.0,0.0
441,441.0,1.0,45.0,1.0,1.0,0.0512365877252,1.0,0.0,0.0,0.0,1.0,0.0,1.0,0.0
442,442.0,0.0,20.0,0.0,0.0,0.0185427650815,0.0,1.0,0.0,0.0,1.0,0.0,0.0,1.0
443,443.0,0.0,25.0,1.0,0.0,0.0151757893167,0.0,1.0,0.0,0.0,1.0,0.0,0.0,1.0
444,444.0,1.0,28.0,0.0,0.0,0.0253743101115,1.0,0.0,0.0,0.0,1.0,0.0,1.0,0.0
445,445.0,1.0,31.0,0.0,0.0,0.0158345454446,0.0,1.0,0.0,0.0,1.0,0.0,0.0,1.0
446,446.0,1.0,4.0,0.0,2.0,0.159776760723,0.0,1.0,0.0,0.0,1.0,1.0,0.0,0.0
447,447.0,1.0,13.0,0.0,1.0,0.0380614651673,1.0,0.0,0.0,0.0,1.0,0.0,1.0,0.0
448,448.0,1.0,34.0,0.0,0.0,0.0518221487278,0.0,1.0,0.0,0.0,1.0,1.0,0.0,0.0
449,449.0,1.0,5.0,2.0,1.0,0.0375896981862,1.0,0.0,1.0,0.0,0.0,0.0,0.0,1.0
450,450.0,1.0,52.0,0.0,0.0,0.0595320352617,0.0,1.0,0.0,0.0,1.0,1.0,0.0,0.0
451,451.0,0.0,36.0,1.0,2.0,0.0541643927381,0.0,1.0,0.0,0.0,1.0,0.0,1.0,0.0
452,452.0,0.0,31.0,1.0,0.0,0.0389724029003,0.0,1.0,0.0,0.0,1.0,0.0,0.0,1.0
453,453.0,0.0,30.0,0.0,0.0,0.0541643927381,0.0,1.0,1.0,0.0,0.0,1.0,0.0,0.0
454,454.0,1.0,49.0,1.0,0.0,0.173919815619,0.0,1.0,1.0,0.0,0.0,1.0,0.0,0.0
455,455.0,0.0,31.0,0.0,0.0,0.0157125535691,0.0,1.0,0.0,0.0,1.0,0.0,0.0,1.0
456,456.0,1.0,29.0,0.0,0.0,0.0154115752137,0.0,1.0,1.0,0.0,0.0,0.0,0.0,1.0
457,457.0,0.0,65.0,0.0,0.0,0.0518221487278,0.0,1.0,0.0,0.0,1.0,1.0,0.0,0.0
458,458.0,1.0,35.0,1.0,0.0,0.10122885832,1.0,0.0,0.0,0.0,1.0,1.0,0.0,0.0
459,459.0,1.0,50.0,0.0,0.0,0.0204946350901,1.0,0.0,0.0,0.0,1.0,0.0,1.0,0.0
460,460.0,0.0,31.0,0.0,0.0,0.0151269925665,0.0,1.0,0.0,1.0,0.0,0.0,0.0,1.0
461,461.0,1.0,48.0,0.0,0.0,0.0518221487278,0.0,1.0,0.0,0.0,1.0,1.0,0.0,0.0
462,462.0,0.0,34.0,0.0,0.0,0.0157125535691,0.0,1.0,0.0,0.0,1.0,0.0,0.0,1.0
463,463.0,0.0,47.0,0.0,0.0,0.0751469953303,0.0,1.0,0.0,0.0,1.0,1.0,0.0,0.0
464,464.0,0.0,48.0,0.0,0.0,0.0253743101115,0.0,1.0,0.0,0.0,1.0,0.0,1.0,0.0
465,465.0,0.0,31.0,0.0,0.0,0.0157125535691,0.0,1.0,0.0,0.0,1.0,0.0,0.0,1.0
466,466.0,0.0,38.0,0.0,0.0,0.0137606835605,0.0,1.0,0.0,0.0,1.0,0.0,0.0,1.0
467,467.0,0.0,31.0,0.0,0.0,0.0,0.0,1.0,0.0,0.0,1.0,0.0,1.0,0.0
468,468.0,0.0,56.0,0.0,0.0,0.0518221487278,0.0,1.0,0.0,0.0,1.0,1.0,0.0,0.0
469,469.0,0.0,31.0,0.0,0.0,0.0150781958163,0.0,1.0,0.0,1.0,0.0,0.0,0.0,1.0
470,470.0,1.0,0.75,2.0,1.0,0.0375896981862,1.0,0.0,1.0,0.0,0.0,0.0,0.0,1.0
471,471.0,0.0,31.0,0.0,0.0,0.0141510575622,0.0,1.0,0.0,0.0,1.0,0.0,0.0,1.0
472,472.0,0.0,38.0,0.0,0.0,0.0169080739493,0.0,1.0,0.0,0.0,1.0,0.0,0.0,1.0
473,473.0,1.0,33.0,1.0,2.0,0.0541643927381,1.0,0.0,0.0,0.0,1.0,0.0,1.0,0.0
474,474.0,1.0,23.0,0.0,0.0,0.0269196055973,1.0,0.0,1.0,0.0,0.0,0.0,1.0,0.0
475,475.0,0.0,22.0,0.0,0.0,0.0192015212094,1.0,0.0,0.0,0.0,1.0,0.0,0.0,1.0
476,476.0,0.0,31.0,0.0,0.0,0.101497240446,0.0,1.0,0.0,0.0,1.0,1.0,0.0,0.0
477,477.0,0.0,34.0,1.0,0.0,0.0409892701802,0.0,1.0,0.0,0.0,1.0,0.0,1.0,0.0
478,478.0,0.0,29.0,1.0,0.0,0.0137524857065,0.0,1.0,0.0,0.0,1.0,0.0,0.0,1.0
479,479.0,0.0,22.0,0.0,0.0,0.0146796239605,0.0,1.0,0.0,0.0,1.0,0.0,0.0,1.0
480,480.0,1.0,2.0,0.0,1.0,0.0239836027304,1.0,0.0,0.0,0.0,1.0,0.0,0.0,1.0
481,481.0,0.0,9.0,5.0,2.0,0.0915427034024,0.0,1.0,0.0,0.0,1.0,0.0,0.0,1.0
482,482.0,0.0,31.0,0.0,0.0,0.0,0.0,1.0,0.0,0.0,1.0,0.0,1.0,0.0
483,483.0,0.0,50.0,0.0,0.0,0.0157125535691,0.0,1.0,0.0,0.0,1.0,0.0,0.0,1.0
484,484.0,1.0,63.0,0.0,0.0,0.0187135537073,1.0,0.0,0.0,0.0,1.0,0.0,0.0,1.0
485,485.0,1.0,25.0,1.0,0.0,0.177774758885,0.0,1.0,1.0,0.0,0.0,1.0,0.0,0.0
486,486.0,0.0,21.0,3.0,1.0,0.0497076879475,1.0,0.0,0.0,0.0,1.0,0.0,0.0,1.0
487,487.0,1.0,35.0,1.0,0.0,0.175668300772,1.0,0.0,0.0,0.0,1.0,1.0,0.0,0.0
488,488.0,0.0,58.0,0.0,0.0,0.0579705392548,0.0,1.0,1.0,0.0,0.0,1.0,0.0,0.0
489,489.0,0.0,30.0,0.0,0.0,0.0157125535691,0.0,1.0,0.0,0.0,1.0,0.0,0.0,1.0
490,490.0,1.0,9.0,1.0,1.0,0.0310347331364,0.0,1.0,0.0,0.0,1.0,0.0,0.0,1.0
491,491.0,0.0,31.0,1.0,0.0,0.0389724029003,0.0,1.0,0.0,0.0,1.0,0.0,0.0,1.0
492,492.0,0.0,21.0,0.0,0.0,0.0141510575622,0.0,1.0,0.0,0.0,1.0,0.0,0.0,1.0
493,493.0,0.0,55.0,0.0,0.0,0.0595320352617,0.0,1.0,0.0,0.0,1.0,1.0,0.0,0.0
494,494.0,0.0,71.0,0.0,0.0,0.0966257632788,0.0,1.0,1.0,0.0,0.0,1.0,0.0,0.0
495,495.0,0.0,21.0,0.0,0.0,0.0157125535691,0.0,1.0,0.0,0.0,1.0,0.0,0.0,1.0
496,496.0,0.0,31.0,0.0,0.0,0.0282207221451,0.0,1.0,1.0,0.0,0.0,0.0,0.0,1.0
497,497.0,1.0,54.0,1.0,0.0,0.152766424401,1.0,0.0,1.0,0.0,0.0,1.0,0.0,0.0
498,498.0,0.0,31.0,0.0,0.0,0.0294732371296,0.0,1.0,0.0,0.0,1.0,0.0,0.0,1.0
499,499.0,0.0,25.0,1.0,2.0,0.2958058998,1.0,0.0,0.0,0.0,1.0,1.0,0.0,0.0
500,500.0,0.0,24.0,0.0,0.0,0.0152163882129,0.0,1.0,0.0,0.0,1.0,0.0,0.0,1.0
501,501.0,0.0,17.0,0.0,0.0,0.0169080739493,0.0,1.0,0.0,0.0,1.0,0.0,0.0,1.0
502,502.0,0.0,21.0,0.0,0.0,0.0151269925665,1.0,0.0,0.0,1.0,0.0,0.0,0.0,1.0
503,503.0,0.0,21.0,0.0,0.0,0.0148912066695,1.0,0.0,0.0,1.0,0.0,0.0,0.0,1.0
504,504.0,0.0,37.0,0.0,0.0,0.0187135537073,1.0,0.0,0.0,0.0,1.0,0.0,0.0,1.0
505,505.0,1.0,16.0,0.0,0.0,0.168836755742,1.0,0.0,0.0,0.0,1.0,1.0,0.0,0.0
506,506.0,0.0,18.0,1.0,0.0,0.212558643934,0.0,1.0,1.0,0.0,0.0,1.0,0.0,0.0
507,507.0,1.0,33.0,0.0,2.0,0.0507486202231,1.0,0.0,0.0,0.0,1.0,0.0,1.0,0.0
508,508.0,1.0,31.0,0.0,0.0,0.0518221487278,0.0,1.0,0.0,0.0,1.0,1.0,0.0,0.0
509,509.0,0.0,28.0,0.0,0.0,0.0439658719433,0.0,1.0,0.0,0.0,1.0,0.0,0.0,1.0
510,510.0,1.0,26.0,0.0,0.0,0.110272457631,0.0,1.0,0.0,0.0,1.0,0.0,0.0,1.0
511,511.0,1.0,29.0,0.0,0.0,0.0151269925665,0.0,1.0,0.0,1.0,0.0,0.0,0.0,1.0
512,512.0,0.0,31.0,0.0,0.0,0.0157125535691,0.0,1.0,0.0,0.0,1.0,0.0,0.0,1.0
513,513.0,1.0,36.0,0.0,0.0,0.0513097828506,0.0,1.0,0.0,0.0,1.0,1.0,0.0,0.0
514,514.0,1.0,54.0,1.0,0.0,0.11594107851,1.0,0.0,1.0,0.0,0.0,1.0,0.0,0.0
515,515.0,0.0,24.0,0.0,0.0,0.0146308272103,0.0,1.0,0.0,0.0,1.0,0.0,0.0,1.0
516,516.0,0.0,47.0,0.0,0.0,0.0664041791879,0.0,1.0,0.0,0.0,1.0,1.0,0.0,0.0
517,517.0,1.0,34.0,0.0,0.0,0.0204946350901,1.0,0.0,0.0,0.0,1.0,0.0,1.0,0.0
518,518.0,0.0,31.0,0.0,0.0,0.0471376607072,0.0,1.0,0.0,1.0,0.0,0.0,0.0,1.0
519,519.0,1.0,36.0,1.0,0.0,0.0507486202231,1.0,0.0,0.0,0.0,1.0,0.0,1.0,0.0
520,520.0,0.0,32.0,0.0,0.0,0.0154115752137,0.0,1.0,0.0,0.0,1.0,0.0,0.0,1.0
521,521.0,1.0,30.0,0.0,0.0,0.182499845802,1.0,0.0,0.0,0.0,1.0,1.0,0.0,0.0
522,522.0,0.0,22.0,0.0,0.0,0.0154115752137,0.0,1.0,0.0,0.0,1.0,0.0,0.0,1.0
523,523.0,0.0,31.0,0.0,0.0,0.014102260812,0.0,1.0,1.0,0.0,0.0,0.0,0.0,1.0
524,524.0,1.0,44.0,0.0,1.0,0.113167861601,1.0,0.0,1.0,0.0,0.0,1.0,0.0,0.0
525,525.0,0.0,31.0,0.0,0.0,0.014110458666,0.0,1.0,1.0,0.0,0.0,0.0,0.0,1.0
526,526.0,0.0,40.5,0.0,0.0,0.0151269925665,0.0,1.0,0.0,1.0,0.0,0.0,0.0,1.0
527,527.0,1.0,50.0,0.0,0.0,0.0204946350901,1.0,0.0,0.0,0.0,1.0,0.0,1.0,0.0
528,528.0,0.0,31.0,0.0,0.0,0.432884169007,0.0,1.0,0.0,0.0,1.0,1.0,0.0,0.0
529,529.0,0.0,39.0,0.0,0.0,0.015468569818,0.0,1.0,0.0,0.0,1.0,0.0,0.0,1.0
530,530.0,0.0,23.0,2.0,1.0,0.0224465050987,0.0,1.0,0.0,0.0,1.0,0.0,1.0,0.0
531,531.0,1.0,2.0,1.0,1.0,0.0507486202231,1.0,0.0,0.0,0.0,1.0,0.0,1.0,0.0
532,532.0,0.0,31.0,0.0,0.0,0.014110458666,0.0,1.0,1.0,0.0,0.0,0.0,0.0,1.0
533,533.0,0.0,17.0,1.0,1.0,0.014110458666,0.0,1.0,1.0,0.0,0.0,0.0,0.0,1.0
534,534.0,1.0,35.0,0.0,2.0,0.0436404952128,1.0,0.0,1.0,0.0,0.0,0.0,0.0,1.0
535,535.0,0.0,30.0,0.0,0.0,0.0169080739493,1.0,0.0,0.0,0.0,1.0,0.0,0.0,1.0
536,536.0,1.0,7.0,0.0,2.0,0.0512365877252,1.0,0.0,0.0,0.0,1.0,0.0,1.0,0.0
537,537.0,0.0,45.0,0.0,0.0,0.0518221487278,0.0,1.0,0.0,0.0,1.0,1.0,0.0,0.0
538,538.0,1.0,30.0,0.0,0.0,0.207727765663,1.0,0.0,1.0,0.0,0.0,1.0,0.0,0.0
539,539.0,0.0,31.0,0.0,0.0,0.0283021151244,0.0,1.0,0.0,0.0,1.0,0.0,0.0,1.0
540,540.0,1.0,22.0,0.0,2.0,0.0966175654247,1.0,0.0,1.0,0.0,0.0,1.0,0.0,0.0
541,541.0,1.0,36.0,0.0,2.0,0.138582770609,1.0,0.0,0.0,0.0,1.0,1.0,0.0,0.0
542,542.0,0.0,9.0,4.0,2.0,0.0610447345184,1.0,0.0,0.0,0.0,1.0,0.0,0.0,1.0
543,543.0,0.0,11.0,4.0,2.0,0.0610447345184,1.0,0.0,0.0,0.0,1.0,0.0,0.0,1.0
544,544.0,1.0,32.0,1.0,0.0,0.0507486202231,0.0,1.0,0.0,0.0,1.0,0.0,1.0,0.0
545,545.0,0.0,50.0,1.0,0.0,0.207727765663,0.0,1.0,1.0,0.0,0.0,1.0,0.0,0.0
546,546.0,0.0,64.0,0.0,0.0,0.0507486202231,0.0,1.0,0.0,0.0,1.0,1.0,0.0,0.0
547,547.0,1.0,19.0,1.0,0.0,0.0507486202231,1.0,0.0,0.0,0.0,1.0,0.0,1.0,0.0
548,548.0,1.0,31.0,0.0,0.0,0.0270577979939,0.0,1.0,1.0,0.0,0.0,0.0,1.0,0.0
549,549.0,0.0,33.0,1.0,1.0,0.0400621319261,0.0,1.0,0.0,0.0,1.0,0.0,0.0,1.0
550,550.0,1.0,8.0,1.0,1.0,0.0717312228153,0.0,1.0,0.0,0.0,1.0,0.0,1.0,0.0
551,551.0,1.0,17.0,0.0,2.0,0.216429787722,0.0,1.0,1.0,0.0,0.0,1.0,0.0,0.0
552,552.0,0.0,27.0,0.0,0.0,0.0507486202231,0.0,1.0,0.0,0.0,1.0,0.0,1.0,0.0
553,553.0,0.0,31.0,0.0,0.0,0.0152815806712,0.0,1.0,0.0,1.0,0.0,0.0,0.0,1.0
554,554.0,1.0,22.0,0.0,0.0,0.014102260812,0.0,1.0,1.0,0.0,0.0,0.0,0.0,1.0
555,555.0,1.0,22.0,0.0,0.0,0.0151757893167,1.0,0.0,0.0,0.0,1.0,0.0,0.0,1.0
556,556.0,0.0,62.0,0.0,0.0,0.0518221487278,0.0,1.0,0.0,0.0,1.0,1.0,0.0,0.0
557,557.0,1.0,48.0,1.0,0.0,0.0772940523398,1.0,0.0,1.0,0.0,0.0,1.0,0.0,0.0
558,558.0,0.0,31.0,0.0,0.0,0.444099223702,0.0,1.0,1.0,0.0,0.0,1.0,0.0,0.0
559,559.0,1.0,39.0,1.0,1.0,0.155466446183,1.0,0.0,0.0,0.0,1.0,1.0,0.0,0.0
560,560.0,1.0,36.0,1.0,0.0,0.0339625381493,1.0,0.0,0.0,0.0,1.0,0.0,0.0,1.0
561,561.0,0.0,31.0,0.0,0.0,0.0151269925665,0.0,1.0,0.0,1.0,0.0,0.0,0.0,1.0
562,562.0,0.0,40.0,0.0,0.0,0.0154115752137,0.0,1.0,0.0,0.0,1.0,0.0,0.0,1.0
563,563.0,0.0,28.0,0.0,0.0,0.0263502451158,0.0,1.0,0.0,0.0,1.0,0.0,1.0,0.0
564,564.0,0.0,31.0,0.0,0.0,0.0157125535691,0.0,1.0,0.0,0.0,1.0,0.0,0.0,1.0
565,565.0,0.0,21.0,0.0,0.0,0.0157125535691,1.0,0.0,0.0,0.0,1.0,0.0,0.0,1.0
566,566.0,0.0,24.0,2.0,0.0,0.0471376607072,0.0,1.0,0.0,0.0,1.0,0.0,0.0,1.0
567,567.0,0.0,19.0,0.0,0.0,0.0154115752137,0.0,1.0,0.0,0.0,1.0,0.0,0.0,1.0
568,568.0,0.0,29.0,0.0,4.0,0.0411356604308,1.0,0.0,0.0,0.0,1.0,0.0,0.0,1.0
569,569.0,0.0,31.0,0.0,0.0,0.014110458666,0.0,1.0,1.0,0.0,0.0,0.0,0.0,1.0
570,570.0,1.0,32.0,0.0,0.0,0.0153303774214,0.0,1.0,0.0,0.0,1.0,0.0,0.0,1.0
571,571.0,1.0,62.0,0.0,0.0,0.0204946350901,0.0,1.0,0.0,0.0,1.0,0.0,1.0,0.0
572,572.0,1.0,53.0,2.0,0.0,0.100480706546,1.0,0.0,0.0,0.0,1.0,1.0,0.0,0.0
573,573.0,1.0,36.0,0.0,0.0,0.0515049698514,0.0,1.0,0.0,0.0,1.0,1.0,0.0,0.0
574,574.0,1.0,21.0,0.0,0.0,0.0151269925665,1.0,0.0,0.0,1.0,0.0,0.0,0.0,1.0
575,575.0,0.0,16.0,0.0,0.0,0.0157125535691,0.0,1.0,0.0,0.0,1.0,0.0,0.0,1.0
576,576.0,0.0,19.0,0.0,0.0,0.0283021151244,0.0,1.0,0.0,0.0,1.0,0.0,0.0,1.0
577,577.0,1.0,34.0,0.0,0.0,0.0253743101115,1.0,0.0,0.0,0.0,1.0,0.0,1.0,0.0
578,578.0,1.0,39.0,1.0,0.0,0.10910953348,1.0,0.0,0.0,0.0,1.0,1.0,0.0,0.0
579,579.0,0.0,35.0,1.0,0.0,0.0282207221451,1.0,0.0,1.0,0.0,0.0,0.0,0.0,1.0
580,580.0,1.0,32.0,0.0,0.0,0.015468569818,0.0,1.0,0.0,0.0,1.0,0.0,0.0,1.0
581,581.0,1.0,25.0,1.0,1.0,0.0585561002574,1.0,0.0,0.0,0.0,1.0,0.0,1.0,0.0
582,582.0,1.0,39.0,1.0,1.0,0.216429787722,1.0,0.0,1.0,0.0,0.0,1.0,0.0,0.0
583,583.0,0.0,54.0,0.0,0.0,0.0507486202231,0.0,1.0,0.0,0.0,1.0,0.0,1.0,0.0
584,584.0,0.0,36.0,0.0,0.0,0.0783187840943,0.0,1.0,1.0,0.0,0.0,1.0,0.0,0.0
585,585.0,0.0,31.0,0.0,0.0,0.0170056674498,0.0,1.0,1.0,0.0,0.0,0.0,0.0,1.0
586,586.0,1.0,18.0,0.0,2.0,0.155466446183,1.0,0.0,0.0,0.0,1.0,1.0,0.0,0.0
587,587.0,0.0,47.0,0.0,0.0,0.0292780501287,0.0,1.0,0.0,0.0,1.0,0.0,1.0,0.0
588,588.0,1.0,60.0,1.0,1.0,0.15458810468,0.0,1.0,1.0,0.0,0.0,1.0,0.0,0.0
589,589.0,0.0,22.0,0.0,0.0,0.0157125535691,0.0,1.0,0.0,0.0,1.0,0.0,0.0,1.0
590,590.0,0.0,31.0,0.0,0.0,0.0157125535691,0.0,1.0,0.0,0.0,1.0,0.0,0.0,1.0
591,591.0,0.0,35.0,0.0,0.0,0.0139070738111,0.0,1.0,0.0,0.0,1.0,0.0,0.0,1.0
592,592.0,1.0,52.0,1.0,0.0,0.152766424401,1.0,0.0,1.0,0.0,0.0,1.0,0.0,0.0
593,593.0,0.0,47.0,0.0,0.0,0.0141510575622,0.0,1.0,0.0,0.0,1.0,0.0,0.0,1.0
594,594.0,0.0,21.0,0.0,2.0,0.0151269925665,1.0,0.0,0.0,1.0,0.0,0.0,0.0,1.0
595,595.0,0.0,37.0,1.0,0.0,0.0507486202231,0.0,1.0,0.0,0.0,1.0,0.0,1.0,0.0
596,596.0,0.0,36.0,1.0,1.0,0.0471376607072,0.0,1.0,0.0,0.0,1.0,0.0,0.0,1.0
597,597.0,1.0,21.0,0.0,0.0,0.0644117102832,1.0,0.0,0.0,0.0,1.0,0.0,1.0,0.0
598,598.0,0.0,49.0,0.0,0.0,0.0,0.0,1.0,0.0,0.0,1.0,0.0,0.0,1.0
599,599.0,0.0,31.0,0.0,0.0,0.014102260812,0.0,1.0,1.0,0.0,0.0,0.0,0.0,1.0
600,600.0,1.0,49.0,1.0,0.0,0.111118398092,0.0,1.0,1.0,0.0,0.0,1.0,0.0,0.0
601,601.0,1.0,24.0,2.0,1.0,0.0527004902317,1.0,0.0,0.0,0.0,1.0,0.0,1.0,0.0
602,602.0,0.0,31.0,0.0,0.0,0.0154115752137,0.0,1.0,0.0,0.0,1.0,0.0,0.0,1.0
603,603.0,0.0,31.0,0.0,0.0,0.0827592883638,0.0,1.0,0.0,0.0,1.0,1.0,0.0,0.0
604,604.0,0.0,44.0,0.0,0.0,0.0157125535691,0.0,1.0,0.0,0.0,1.0,0.0,0.0,1.0
605,605.0,1.0,35.0,0.0,0.0,0.0518221487278,0.0,1.0,1.0,0.0,0.0,1.0,0.0,0.0
606,606.0,0.0,36.0,1.0,0.0,0.0303515786334,0.0,1.0,0.0,0.0,1.0,0.0,0.0,1.0
607,607.0,0.0,30.0,0.0,0.0,0.0154115752137,0.0,1.0,0.0,0.0,1.0,0.0,0.0,1.0
608,608.0,1.0,27.0,0.0,0.0,0.0595320352617,0.0,1.0,0.0,0.0,1.0,1.0,0.0,0.0
609,609.0,1.0,22.0,1.0,2.0,0.0811571934608,1.0,0.0,1.0,0.0,0.0,0.0,1.0,0.0
610,610.0,1.0,40.0,0.0,0.0,0.299538851192,1.0,0.0,0.0,0.0,1.0,1.0,0.0,0.0
611,611.0,0.0,39.0,1.0,5.0,0.0610447345184,1.0,0.0,0.0,0.0,1.0,0.0,0.0,1.0
612,612.0,0.0,31.0,0.0,0.0,0.0137606835605,0.0,1.0,0.0,0.0,1.0,0.0,0.0,1.0
613,613.0,1.0,21.0,1.0,0.0,0.030253985133,1.0,0.0,0.0,1.0,0.0,0.0,0.0,1.0
614,614.0,0.0,31.0,0.0,0.0,0.0151269925665,0.0,1.0,0.0,1.0,0.0,0.0,0.0,1.0
615,615.0,0.0,35.0,0.0,0.0,0.0157125535691,0.0,1.0,0.0,0.0,1.0,0.0,0.0,1.0
616,616.0,1.0,24.0,1.0,2.0,0.126871550558,1.0,0.0,0.0,0.0,1.0,0.0,1.0,0.0
617,617.0,0.0,34.0,1.0,1.0,0.0281069281236,0.0,1.0,0.0,0.0,1.0,0.0,0.0,1.0
618,618.0,0.0,26.0,1.0,0.0,0.0314251071381,1.0,0.0,0.0,0.0,1.0,0.0,0.0,1.0
619,619.0,1.0,4.0,2.0,1.0,0.0761229303346,1.0,0.0,0.0,0.0,1.0,0.0,1.0,0.0
620,620.0,0.0,26.0,0.0,0.0,0.0204946350901,0.0,1.0,0.0,0.0,1.0,0.0,1.0,0.0
621,621.0,0.0,27.0,1.0,0.0,0.028212719478,0.0,1.0,1.0,0.0,0.0,0.0,0.0,1.0
622,622.0,1.0,42.0,1.0,0.0,0.102578966805,0.0,1.0,0.0,0.0,1.0,1.0,0.0,0.0
623,623.0,1.0,20.0,1.0,1.0,0.0307257521141,0.0,1.0,1.0,0.0,0.0,0.0,0.0,1.0
624,624.0,0.0,21.0,0.0,0.0,0.0153303774214,0.0,1.0,0.0,0.0,1.0,0.0,0.0,1.0
625,625.0,0.0,21.0,0.0,0.0,0.0314251071381,0.0,1.0,0.0,0.0,1.0,0.0,0.0,1.0
626,626.0,0.0,61.0,0.0,0.0,0.0630860001733,0.0,1.0,0.0,0.0,1.0,1.0,0.0,0.0
627,627.0,0.0,57.0,0.0,0.0,0.024105594606,0.0,1.0,0.0,1.0,0.0,0.0,1.0,0.0
628,628.0,1.0,21.0,0.0,0.0,0.15216446769,1.0,0.0,0.0,0.0,1.0,1.0,0.0,0.0
629,629.0,0.0,26.0,0.0,0.0,0.0154115752137,0.0,1.0,0.0,0.0,1.0,0.0,0.0,1.0
630,630.0,0.0,31.0,0.0,0.0,0.0150943963374,0.0,1.0,0.0,1.0,0.0,0.0,0.0,1.0
631,631.0,1.0,80.0,0.0,0.0,0.0585561002574,0.0,1.0,0.0,0.0,1.0,1.0,0.0,0.0
632,632.0,0.0,51.0,0.0,0.0,0.0137688814145,0.0,1.0,0.0,0.0,1.0,0.0,0.0,1.0
633,633.0,1.0,32.0,0.0,0.0,0.0595320352617,0.0,1.0,1.0,0.0,0.0,1.0,0.0,0.0
634,634.0,0.0,31.0,0.0,0.0,0.0,0.0,1.0,0.0,0.0,1.0,1.0,0.0,0.0
635,635.0,0.0,9.0,3.0,2.0,0.0544571732394,1.0,0.0,0.0,0.0,1.0,0.0,0.0,1.0
636,636.0,1.0,28.0,0.0,0.0,0.0253743101115,1.0,0.0,0.0,0.0,1.0,0.0,1.0,0.0
637,637.0,0.0,32.0,0.0,0.0,0.015468569818,0.0,1.0,0.0,0.0,1.0,0.0,0.0,1.0
638,638.0,0.0,31.0,1.0,1.0,0.0512365877252,0.0,1.0,0.0,0.0,1.0,0.0,1.0,0.0
639,639.0,0.0,41.0,0.0,5.0,0.0774648409655,1.0,0.0,0.0,0.0,1.0,0.0,0.0,1.0
640,640.0,0.0,31.0,1.0,0.0,0.0314251071381,0.0,1.0,0.0,0.0,1.0,0.0,0.0,1.0
641,641.0,0.0,20.0,0.0,0.0,0.0153303774214,0.0,1.0,0.0,0.0,1.0,0.0,0.0,1.0
642,642.0,1.0,24.0,0.0,0.0,0.135264591595,1.0,0.0,1.0,0.0,0.0,1.0,0.0,0.0
643,643.0,0.0,2.0,3.0,2.0,0.0544571732394,1.0,0.0,0.0,0.0,1.0,0.0,0.0,1.0
644,644.0,1.0,31.0,0.0,0.0,0.110272457631,0.0,1.0,0.0,0.0,1.0,0.0,0.0,1.0
645,645.0,1.0,0.75,2.0,1.0,0.0375896981862,1.0,0.0,1.0,0.0,0.0,0.0,0.0,1.0
646,646.0,1.0,48.0,1.0,0.0,0.149765424262,0.0,1.0,1.0,0.0,0.0,1.0,0.0,0.0
647,647.0,0.0,19.0,0.0,0.0,0.0154115752137,0.0,1.0,0.0,0.0,1.0,0.0,0.0,1.0
648,648.0,1.0,56.0,0.0,0.0,0.0692913853046,0.0,1.0,1.0,0.0,0.0,1.0,0.0,0.0
649,649.0,0.0,31.0,0.0,0.0,0.0147366185648,0.0,1.0,0.0,0.0,1.0,0.0,0.0,1.0
650,650.0,1.0,23.0,0.0,0.0,0.0147366185648,1.0,0.0,0.0,0.0,1.0,0.0,0.0,1.0
651,651.0,0.0,31.0,0.0,0.0,0.0154115752137,0.0,1.0,0.0,0.0,1.0,0.0,0.0,1.0
652,652.0,1.0,18.0,0.0,1.0,0.0448930101973,1.0,0.0,0.0,0.0,1.0,0.0,1.0,0.0
653,653.0,0.0,21.0,0.0,0.0,0.0164607053434,0.0,1.0,0.0,0.0,1.0,0.0,0.0,1.0
654,654.0,1.0,21.0,0.0,0.0,0.0152815806712,1.0,0.0,0.0,1.0,0.0,0.0,0.0,1.0
655,655.0,0.0,18.0,0.0,0.0,0.0131751225579,1.0,0.0,0.0,1.0,0.0,0.0,0.0,1.0
656,656.0,0.0,24.0,2.0,0.0,0.143462445631,0.0,1.0,0.0,0.0,1.0,0.0,1.0,0.0
657,657.0,0.0,31.0,0.0,0.0,0.0154115752137,0.0,1.0,0.0,0.0,1.0,0.0,0.0,1.0
658,658.0,0.0,32.0,1.0,1.0,0.030253985133,1.0,0.0,0.0,1.0,0.0,0.0,0.0,1.0
659,659.0,0.0,23.0,0.0,0.0,0.0253743101115,0.0,1.0,0.0,0.0,1.0,0.0,1.0,0.0
660,660.0,0.0,58.0,0.0,2.0,0.221098075222,0.0,1.0,1.0,0.0,0.0,1.0,0.0,0.0
661,661.0,1.0,50.0,2.0,0.0,0.260867426647,0.0,1.0,0.0,0.0,1.0,1.0,0.0,0.0
662,662.0,0.0,40.0,0.0,0.0,0.014102260812,0.0,1.0,1.0,0.0,0.0,0.0,0.0,1.0
663,663.0,0.0,47.0,0.0,0.0,0.0499434738446,0.0,1.0,0.0,0.0,1.0,1.0,0.0,0.0
664,664.0,0.0,36.0,0.0,0.0,0.0146308272103,0.0,1.0,0.0,0.0,1.0,0.0,0.0,1.0
665,665.0,1.0,20.0,1.0,0.0,0.015468569818,0.0,1.0,0.0,0.0,1.0,0.0,0.0,1.0
666,666.0,0.0,32.0,2.0,0.0,0.143462445631,0.0,1.0,0.0,0.0,1.0,0.0,1.0,0.0
667,667.0,0.0,25.0,0.0,0.0,0.0253743101115,0.0,1.0,0.0,0.0,1.0,0.0,1.0,0.0
668,668.0,0.0,31.0,0.0,0.0,0.0151757893167,0.0,1.0,0.0,0.0,1.0,0.0,0.0,1.0
669,669.0,0.0,43.0,0.0,0.0,0.0157125535691,0.0,1.0,0.0,0.0,1.0,0.0,0.0,1.0
670,670.0,1.0,35.0,1.0,0.0,0.101497240446,1.0,0.0,0.0,0.0,1.0,1.0,0.0,0.0
671,671.0,1.0,40.0,1.0,1.0,0.0761229303346,1.0,0.0,0.0,0.0,1.0,0.0,1.0,0.0
672,672.0,0.0,31.0,1.0,0.0,0.101497240446,0.0,1.0,0.0,0.0,1.0,1.0,0.0,0.0
673,673.0,0.0,70.0,0.0,0.0,0.0204946350901,0.0,1.0,0.0,0.0,1.0,0.0,1.0,0.0
674,674.0,1.0,31.0,0.0,0.0,0.0253743101115,0.0,1.0,0.0,0.0,1.0,0.0,1.0,0.0
675,675.0,0.0,31.0,0.0,0.0,0.0,0.0,1.0,0.0,0.0,1.0,0.0,1.0,0.0
676,676.0,0.0,18.0,0.0,0.0,0.0151757893167,0.0,1.0,0.0,0.0,1.0,0.0,0.0,1.0
677,677.0,0.0,24.5,0.0,0.0,0.0157125535691,0.0,1.0,0.0,0.0,1.0,0.0,0.0,1.0
678,678.0,1.0,18.0,0.0,0.0,0.0192097190634,1.0,0.0,0.0,0.0,1.0,0.0,0.0,1.0
679,679.0,0.0,43.0,1.0,6.0,0.0915427034024,1.0,0.0,0.0,0.0,1.0,0.0,0.0,1.0
680,680.0,1.0,36.0,0.0,1.0,1.0,0.0,1.0,1.0,0.0,0.0,1.0,0.0,0.0
681,681.0,0.0,21.0,0.0,0.0,0.0158833421948,1.0,0.0,0.0,1.0,0.0,0.0,0.0,1.0
682,682.0,1.0,27.0,0.0,0.0,0.149765424262,0.0,1.0,1.0,0.0,0.0,1.0,0.0,0.0
683,683.0,0.0,20.0,0.0,0.0,0.0180060008292,0.0,1.0,0.0,0.0,1.0,0.0,0.0,1.0
684,684.0,0.0,14.0,5.0,2.0,0.0915427034024,0.0,1.0,0.0,0.0,1.0,0.0,0.0,1.0
685,685.0,0.0,60.0,1.0,1.0,0.0761229303346,0.0,1.0,0.0,0.0,1.0,0.0,1.0,0.0
686,686.0,0.0,25.0,1.0,2.0,0.0811571934608,0.0,1.0,1.0,0.0,0.0,0.0,1.0,0.0
687,687.0,0.0,14.0,4.0,1.0,0.0774648409655,0.0,1.0,0.0,0.0,1.0,0.0,0.0,1.0
688,688.0,0.0,19.0,0.0,0.0,0.0198520794833,0.0,1.0,0.0,0.0,1.0,0.0,0.0,1.0
689,689.0,0.0,18.0,0.0,0.0,0.0152163882129,0.0,1.0,0.0,0.0,1.0,0.0,0.0,1.0
690,690.0,1.0,15.0,0.0,1.0,0.412503327938,1.0,0.0,0.0,0.0,1.0,1.0,0.0,0.0
691,691.0,1.0,31.0,1.0,0.0,0.111256590489,0.0,1.0,0.0,0.0,1.0,1.0,0.0,0.0
692,692.0,1.0,4.0,0.0,1.0,0.0261876543441,1.0,0.0,1.0,0.0,0.0,0.0,0.0,1.0
693,693.0,1.0,31.0,0.0,0.0,0.110272457631,0.0,1.0,0.0,0.0,1.0,0.0,0.0,1.0
694,694.0,0.0,25.0,0.0,0.0,0.014102260812,0.0,1.0,1.0,0.0,0.0,0.0,0.0,1.0
695,695.0,0.0,60.0,0.0,0.0,0.0518221487278,0.0,1.0,0.0,0.0,1.0,1.0,0.0,0.0
696,696.0,0.0,52.0,0.0,0.0,0.0263502451158,0.0,1.0,0.0,0.0,1.0,0.0,1.0,0.0
697,697.0,0.0,44.0,0.0,0.0,0.0157125535691,0.0,1.0,0.0,0.0,1.0,0.0,0.0,1.0
698,698.0,1.0,21.0,0.0,0.0,0.0150943963374,1.0,0.0,0.0,1.0,0.0,0.0,0.0,1.0
699,699.0,0.0,49.0,1.0,1.0,0.216429787722,0.0,1.0,1.0,0.0,0.0,1.0,0.0,0.0
700,700.0,0.0,42.0,0.0,0.0,0.0149318055656,0.0,1.0,0.0,0.0,1.0,0.0,0.0,1.0
701,701.0,1.0,18.0,1.0,0.0,0.444099223702,1.0,0.0,1.0,0.0,0.0,1.0,0.0,0.0
702,702.0,1.0,35.0,0.0,0.0,0.0513097828506,0.0,1.0,0.0,0.0,1.0,1.0,0.0,0.0
703,703.0,0.0,18.0,0.0,1.0,0.028212719478,1.0,0.0,1.0,0.0,0.0,0.0,0.0,1.0
704,704.0,0.0,25.0,0.0,0.0,0.0151107920454,0.0,1.0,0.0,1.0,0.0,0.0,0.0,1.0
705,705.0,0.0,26.0,1.0,0.0,0.0153303774214,0.0,1.0,0.0,0.0,1.0,0.0,0.0,1.0
706,706.0,0.0,39.0,0.0,0.0,0.0507486202231,0.0,1.0,0.0,0.0,1.0,0.0,1.0,0.0
707,707.0,1.0,45.0,0.0,0.0,0.0263502451158,1.0,0.0,0.0,0.0,1.0,0.0,1.0,0.0
708,708.0,1.0,42.0,0.0,0.0,0.0513097828506,0.0,1.0,0.0,0.0,1.0,1.0,0.0,0.0
709,709.0,1.0,22.0,0.0,0.0,0.2958058998,1.0,0.0,0.0,0.0,1.0,1.0,0.0,0.0
710,710.0,1.0,3.5,1.0,1.0,0.0297578197768,0.0,1.0,1.0,0.0,0.0,0.0,0.0,1.0
711,711.0,1.0,24.0,0.0,0.0,0.0966257632788,1.0,0.0,1.0,0.0,0.0,1.0,0.0,0.0
712,712.0,0.0,31.0,0.0,0.0,0.0518221487278,0.0,1.0,0.0,0.0,1.0,1.0,0.0,0.0
713,713.0,1.0,48.0,1.0,0.0,0.101497240446,0.0,1.0,0.0,0.0,1.0,1.0,0.0,0.0
714,714.0,0.0,29.0,0.0,0.0,0.0185101688524,0.0,1.0,0.0,0.0,1.0,0.0,0.0,1.0
715,715.0,0.0,52.0,0.0,0.0,0.0253743101115,0.0,1.0,0.0,0.0,1.0,0.0,1.0,0.0
716,716.0,0.0,19.0,0.0,0.0,0.0149318055656,0.0,1.0,0.0,0.0,1.0,0.0,0.0,1.0
717,717.0,1.0,38.0,0.0,0.0,0.444099223702,1.0,0.0,1.0,0.0,0.0,1.0,0.0,0.0
718,718.0,1.0,27.0,0.0,0.0,0.0204946350901,1.0,0.0,0.0,0.0,1.0,0.0,1.0,0.0
719,719.0,0.0,31.0,0.0,0.0,0.030253985133,0.0,1.0,0.0,1.0,0.0,0.0,0.0,1.0
720,720.0,0.0,33.0,0.0,0.0,0.0151757893167,0.0,1.0,0.0,0.0,1.0,0.0,0.0,1.0
721,721.0,1.0,6.0,0.0,1.0,0.0644117102832,1.0,0.0,0.0,0.0,1.0,0.0,1.0,0.0
722,722.0,0.0,17.0,1.0,0.0,0.0137688814145,0.0,1.0,0.0,0.0,1.0,0.0,0.0,1.0
723,723.0,0.0,34.0,0.0,0.0,0.0253743101115,0.0,1.0,0.0,0.0,1.0,0.0,1.0,0.0
724,724.0,0.0,50.0,0.0,0.0,0.0253743101115,0.0,1.0,0.0,0.0,1.0,0.0,1.0,0.0
725,725.0,1.0,27.0,1.0,0.0,0.103644297456,0.0,1.0,0.0,0.0,1.0,1.0,0.0,0.0
726,726.0,0.0,20.0,0.0,0.0,0.0169080739493,0.0,1.0,0.0,0.0,1.0,0.0,0.0,1.0
727,727.0,1.0,30.0,3.0,0.0,0.0409892701802,1.0,0.0,0.0,0.0,1.0,0.0,1.0,0.0
728,728.0,1.0,21.0,0.0,0.0,0.0151025941914,1.0,0.0,0.0,1.0,0.0,0.0,0.0,1.0
729,729.0,0.0,25.0,1.0,0.0,0.0507486202231,0.0,1.0,0.0,0.0,1.0,0.0,1.0,0.0
730,730.0,0.0,25.0,1.0,0.0,0.015468569818,1.0,0.0,0.0,0.0,1.0,0.0,0.0,1.0
731,731.0,1.0,29.0,0.0,0.0,0.412503327938,1.0,0.0,0.0,0.0,1.0,1.0,0.0,0.0
732,732.0,0.0,11.0,0.0,0.0,0.0366707577862,0.0,1.0,1.0,0.0,0.0,0.0,0.0,1.0
733,733.0,0.0,31.0,0.0,0.0,0.0,0.0,1.0,0.0,0.0,1.0,0.0,1.0,0.0
734,734.0,0.0,23.0,0.0,0.0,0.0253743101115,0.0,1.0,0.0,0.0,1.0,0.0,1.0,0.0
735,735.0,0.0,23.0,0.0,0.0,0.0253743101115,0.0,1.0,0.0,0.0,1.0,0.0,1.0,0.0
736,736.0,0.0,28.5,0.0,0.0,0.0314251071381,0.0,1.0,0.0,0.0,1.0,0.0,0.0,1.0
737,737.0,0.0,48.0,1.0,3.0,0.067095531545,1.0,0.0,0.0,0.0,1.0,0.0,0.0,1.0
738,738.0,1.0,35.0,0.0,0.0,1.0,0.0,1.0,1.0,0.0,0.0,1.0,0.0,0.0
739,739.0,0.0,31.0,0.0,0.0,0.0154115752137,0.0,1.0,0.0,0.0,1.0,0.0,0.0,1.0
740,740.0,0.0,31.0,0.0,0.0,0.0154115752137,0.0,1.0,0.0,0.0,1.0,0.0,0.0,1.0
741,741.0,1.0,31.0,0.0,0.0,0.0585561002574,0.0,1.0,0.0,0.0,1.0,1.0,0.0,0.0
742,742.0,0.0,36.0,1.0,0.0,0.153904950177,0.0,1.0,0.0,0.0,1.0,1.0,0.0,0.0
743,743.0,1.0,21.0,2.0,2.0,0.512121893501,1.0,0.0,1.0,0.0,0.0,1.0,0.0,0.0
744,744.0,0.0,24.0,1.0,0.0,0.0314251071381,0.0,1.0,0.0,0.0,1.0,0.0,0.0,1.0
745,745.0,1.0,31.0,0.0,0.0,0.015468569818,0.0,1.0,0.0,0.0,1.0,0.0,0.0,1.0
746,746.0,0.0,70.0,1.0,1.0,0.138582770609,0.0,1.0,0.0,0.0,1.0,1.0,0.0,0.0
747,747.0,0.0,16.0,1.0,1.0,0.0395253676738,0.0,1.0,0.0,0.0,1.0,0.0,0.0,1.0
748,748.0,1.0,30.0,0.0,0.0,0.0253743101115,1.0,0.0,0.0,0.0,1.0,0.0,1.0,0.0
749,749.0,0.0,19.0,1.0,0.0,0.103644297456,0.0,1.0,0.0,0.0,1.0,1.0,0.0,0.0
750,750.0,0.0,31.0,0.0,0.0,0.0151269925665,0.0,1.0,0.0,1.0,0.0,0.0,0.0,1.0
751,751.0,1.0,4.0,1.0,1.0,0.0448930101973,1.0,0.0,0.0,0.0,1.0,0.0,1.0,0.0
752,752.0,1.0,6.0,0.0,1.0,0.024349578357,0.0,1.0,0.0,0.0,1.0,0.0,0.0,1.0
753,753.0,0.0,33.0,0.0,0.0,0.0185427650815,0.0,1.0,0.0,0.0,1.0,0.0,0.0,1.0
754,754.0,0.0,23.0,0.0,0.0,0.0154115752137,0.0,1.0,0.0,0.0,1.0,0.0,0.0,1.0
755,755.0,1.0,48.0,1.0,2.0,0.126871550558,1.0,0.0,0.0,0.0,1.0,0.0,1.0,0.0
756,756.0,1.0,0.67,1.0,1.0,0.0283021151244,0.0,1.0,0.0,0.0,1.0,0.0,1.0,0.0
757,757.0,0.0,28.0,0.0,0.0,0.0152163882129,0.0,1.0,0.0,0.0,1.0,0.0,0.0,1.0
758,758.0,0.0,18.0,0.0,0.0,0.0224465050987,0.0,1.0,0.0,0.0,1.0,0.0,1.0,0.0
759,759.0,0.0,34.0,0.0,0.0,0.0157125535691,0.0,1.0,0.0,0.0,1.0,0.0,0.0,1.0
760,760.0,1.0,33.0,0.0,0.0,0.168836755742,1.0,0.0,0.0,0.0,1.0,1.0,0.0,0.0
761,761.0,0.0,31.0,0.0,0.0,0.0283021151244,0.0,1.0,0.0,0.0,1.0,0.0,0.0,1.0
762,762.0,0.0,41.0,0.0,0.0,0.0139070738111,0.0,1.0,0.0,0.0,1.0,0.0,0.0,1.0
763,763.0,1.0,20.0,0.0,0.0,0.014110458666,0.0,1.0,1.0,0.0,0.0,0.0,0.0,1.0
764,764.0,1.0,36.0,1.0,2.0,0.23422440103,1.0,0.0,0.0,0.0,1.0,1.0,0.0,0.0
765,765.0,0.0,16.0,0.0,0.0,0.0151757893167,0.0,1.0,0.0,0.0,1.0,0.0,0.0,1.0
766,766.0,1.0,51.0,1.0,0.0,0.15216446769,1.0,0.0,0.0,0.0,1.0,1.0,0.0,0.0
767,767.0,0.0,46.5,0.0,0.0,0.0772940523398,0.0,1.0,1.0,0.0,0.0,1.0,0.0,0.0
768,768.0,0.0,30.5,0.0,0.0,0.0151269925665,1.0,0.0,0.0,1.0,0.0,0.0,0.0,1.0
769,769.0,0.0,31.0,1.0,0.0,0.0471376607072,0.0,1.0,0.0,1.0,0.0,0.0,0.0,1.0
770,770.0,0.0,32.0,0.0,0.0,0.0163225129468,0.0,1.0,0.0,0.0,1.0,0.0,0.0,1.0
771,771.0,0.0,24.0,0.0,0.0,0.0185427650815,0.0,1.0,0.0,0.0,1.0,0.0,0.0,1.0
772,772.0,0.0,48.0,0.0,0.0,0.0153303774214,0.0,1.0,0.0,0.0,1.0,0.0,0.0,1.0
773,773.0,0.0,57.0,0.0,0.0,0.0204946350901,1.0,0.0,0.0,0.0,1.0,0.0,1.0,0.0
774,774.0,0.0,31.0,0.0,0.0,0.014102260812,0.0,1.0,1.0,0.0,0.0,0.0,0.0,1.0
775,775.0,1.0,54.0,1.0,3.0,0.0448930101973,1.0,0.0,0.0,0.0,1.0,0.0,1.0,0.0
776,776.0,0.0,18.0,0.0,0.0,0.0151269925665,0.0,1.0,0.0,0.0,1.0,0.0,0.0,1.0
777,777.0,0.0,31.0,0.0,0.0,0.0151269925665,0.0,1.0,0.0,1.0,0.0,0.0,0.0,1.0
778,778.0,1.0,5.0,0.0,0.0,0.024349578357,1.0,0.0,0.0,0.0,1.0,0.0,0.0,1.0
779,779.0,0.0,31.0,0.0,0.0,0.0151025941914,0.0,1.0,0.0,1.0,0.0,0.0,0.0,1.0
780,780.0,1.0,43.0,0.0,1.0,0.412503327938,1.0,0.0,0.0,0.0,1.0,1.0,0.0,0.0
781,781.0,1.0,13.0,0.0,0.0,0.014110458666,1.0,0.0,1.0,0.0,0.0,0.0,0.0,1.0
782,782.0,1.0,17.0,1.0,0.0,0.111256590489,1.0,0.0,0.0,0.0,1.0,1.0,0.0,0.0
783,783.0,0.0,29.0,0.0,0.0,0.0585561002574,0.0,1.0,0.0,0.0,1.0,1.0,0.0,0.0
784,784.0,0.0,31.0,1.0,2.0,0.0457713517012,0.0,1.0,0.0,0.0,1.0,0.0,0.0,1.0
785,785.0,0.0,25.0,0.0,0.0,0.0137606835605,0.0,1.0,0.0,0.0,1.0,0.0,0.0,1.0
786,786.0,0.0,25.0,0.0,0.0,0.0141510575622,0.0,1.0,0.0,0.0,1.0,0.0,0.0,1.0
787,787.0,1.0,18.0,0.0,0.0,0.0146308272103,1.0,0.0,0.0,0.0,1.0,0.0,0.0,1.0
788,788.0,0.0,8.0,4.0,1.0,0.0568482139999,0.0,1.0,0.0,1.0,0.0,0.0,0.0,1.0
789,789.0,1.0,1.0,1.0,2.0,0.0401597254265,0.0,1.0,0.0,0.0,1.0,0.0,0.0,1.0
790,790.0,0.0,46.0,0.0,0.0,0.15458810468,0.0,1.0,1.0,0.0,0.0,1.0,0.0,0.0
791,791.0,0.0,31.0,0.0,0.0,0.0151269925665,0.0,1.0,0.0,1.0,0.0,0.0,0.0,1.0
792,792.0,0.0,16.0,0.0,0.0,0.0507486202231,0.0,1.0,0.0,0.0,1.0,0.0,1.0,0.0
793,793.0,0.0,21.0,8.0,2.0,0.135752559097,1.0,0.0,0.0,0.0,1.0,0.0,0.0,1.0
794,794.0,0.0,31.0,0.0,0.0,0.0599142114094,0.0,1.0,1.0,0.0,0.0,1.0,0.0,0.0
795,795.0,0.0,25.0,0.0,0.0,0.0154115752137,0.0,1.0,0.0,0.0,1.0,0.0,0.0,1.0
796,796.0,0.0,39.0,0.0,0.0,0.0253743101115,0.0,1.0,0.0,0.0,1.0,0.0,1.0,0.0
797,797.0,1.0,49.0,0.0,0.0,0.0506104278265,1.0,0.0,0.0,0.0,1.0,1.0,0.0,0.0
798,798.0,1.0,31.0,0.0,0.0,0.0169486728455,1.0,0.0,0.0,0.0,1.0,0.0,0.0,1.0
799,799.0,0.0,30.0,0.0,0.0,0.014110458666,0.0,1.0,1.0,0.0,0.0,0.0,0.0,1.0
800,800.0,0.0,30.0,1.0,1.0,0.0471376607072,1.0,0.0,0.0,0.0,1.0,0.0,0.0,1.0
801,801.0,0.0,34.0,0.0,0.0,0.0253743101115,0.0,1.0,0.0,0.0,1.0,0.0,1.0,0.0
802,802.0,1.0,31.0,1.0,1.0,0.0512365877252,1.0,0.0,0.0,0.0,1.0,0.0,1.0,0.0
803,803.0,1.0,11.0,1.0,2.0,0.23422440103,0.0,1.0,0.0,0.0,1.0,1.0,0.0,0.0
804,804.0,1.0,0.42,0.0,1.0,0.0166234913021,0.0,1.0,1.0,0.0,0.0,0.0,0.0,1.0
805,805.0,1.0,27.0,0.0,0.0,0.0136142933098,0.0,1.0,0.0,0.0,1.0,0.0,0.0,1.0
806,806.0,0.0,31.0,0.0,0.0,0.0151757893167,0.0,1.0,0.0,0.0,1.0,0.0,0.0,1.0
807,807.0,0.0,39.0,0.0,0.0,0.0,0.0,1.0,0.0,0.0,1.0,1.0,0.0,0.0
808,808.0,0.0,18.0,0.0,0.0,0.0151757893167,1.0,0.0,0.0,0.0,1.0,0.0,0.0,1.0
809,809.0,0.0,39.0,0.0,0.0,0.0253743101115,0.0,1.0,0.0,0.0,1.0,0.0,1.0,0.0
810,810.0,1.0,33.0,1.0,0.0,0.103644297456,1.0,0.0,0.0,0.0,1.0,1.0,0.0,0.0
811,811.0,0.0,26.0,0.0,0.0,0.0153953746927,0.0,1.0,0.0,0.0,1.0,0.0,0.0,1.0
812,812.0,0.0,39.0,0.0,0.0,0.0471376607072,0.0,1.0,0.0,0.0,1.0,0.0,0.0,1.0
813,813.0,0.0,35.0,0.0,0.0,0.0204946350901,0.0,1.0,0.0,0.0,1.0,0.0,1.0,0.0
814,814.0,0.0,6.0,4.0,2.0,0.0610447345184,1.0,0.0,0.0,0.0,1.0,0.0,0.0,1.0
815,815.0,0.0,30.5,0.0,0.0,0.0157125535691,0.0,1.0,0.0,0.0,1.0,0.0,0.0,1.0
816,816.0,0.0,31.0,0.0,0.0,0.0,0.0,1.0,0.0,0.0,1.0,1.0,0.0,0.0
817,817.0,0.0,23.0,0.0,0.0,0.015468569818,1.0,0.0,0.0,0.0,1.0,0.0,0.0,1.0
818,818.0,0.0,31.0,1.0,1.0,0.0722273881715,0.0,1.0,1.0,0.0,0.0,0.0,1.0,0.0
819,819.0,0.0,43.0,0.0,0.0,0.0125895615553,0.0,1.0,0.0,0.0,1.0,0.0,0.0,1.0
820,820.0,0.0,10.0,3.0,2.0,0.0544571732394,0.0,1.0,0.0,0.0,1.0,0.0,0.0,1.0
821,821.0,1.0,52.0,1.0,1.0,0.182499845802,1.0,0.0,0.0,0.0,1.0,1.0,0.0,0.0
822,822.0,1.0,27.0,0.0,0.0,0.0169080739493,0.0,1.0,0.0,0.0,1.0,0.0,0.0,1.0
823,823.0,0.0,38.0,0.0,0.0,0.0,0.0,1.0,0.0,0.0,1.0,1.0,0.0,0.0
824,824.0,1.0,27.0,0.0,1.0,0.024349578357,1.0,0.0,0.0,0.0,1.0,0.0,0.0,1.0
825,825.0,0.0,2.0,4.0,1.0,0.0774648409655,0.0,1.0,0.0,0.0,1.0,0.0,0.0,1.0
826,826.0,0.0,31.0,0.0,0.0,0.0135654965596,0.0,1.0,0.0,1.0,0.0,0.0,0.0,1.0
827,827.0,0.0,31.0,0.0,0.0,0.110272457631,0.0,1.0,0.0,0.0,1.0,0.0,0.0,1.0
828,828.0,1.0,1.0,0.0,2.0,0.0722273881715,0.0,1.0,1.0,0.0,0.0,0.0,1.0,0.0
829,829.0,1.0,31.0,0.0,0.0,0.0151269925665,0.0,1.0,0.0,1.0,0.0,0.0,0.0,1.0
831,831.0,1.0,15.0,1.0,0.0,0.028212719478,1.0,0.0,1.0,0.0,0.0,0.0,0.0,1.0
832,832.0,1.0,0.83,1.0,1.0,0.0365975626609,0.0,1.0,0.0,0.0,1.0,0.0,1.0,0.0
833,833.0,0.0,31.0,0.0,0.0,0.014110458666,0.0,1.0,1.0,0.0,0.0,0.0,0.0,1.0
834,834.0,0.0,23.0,0.0,0.0,0.0153303774214,0.0,1.0,0.0,0.0,1.0,0.0,0.0,1.0
835,835.0,0.0,18.0,0.0,0.0,0.0162005210712,0.0,1.0,0.0,0.0,1.0,0.0,0.0,1.0
836,836.0,1.0,39.0,1.0,1.0,0.162314191735,1.0,0.0,1.0,0.0,0.0,1.0,0.0,0.0
837,837.0,0.0,21.0,0.0,0.0,0.0169080739493,0.0,1.0,0.0,0.0,1.0,0.0,0.0,1.0
838,838.0,0.0,31.0,0.0,0.0,0.0157125535691,0.0,1.0,0.0,0.0,1.0,0.0,0.0,1.0
839,839.0,1.0,32.0,0.0,0.0,0.110272457631,0.0,1.0,0.0,0.0,1.0,0.0,0.0,1.0
840,840.0,1.0,31.0,0.0,0.0,0.0579705392548,0.0,1.0,1.0,0.0,0.0,1.0,0.0,0.0
841,841.0,0.0,20.0,0.0,0.0,0.015468569818,0.0,1.0,0.0,0.0,1.0,0.0,0.0,1.0
842,842.0,0.0,16.0,0.0,0.0,0.0204946350901,0.0,1.0,0.0,0.0,1.0,0.0,1.0,0.0
843,843.0,1.0,30.0,0.0,0.0,0.060507970266,1.0,0.0,1.0,0.0,0.0,1.0,0.0,0.0
844,844.0,0.0,34.5,0.0,0.0,0.0125651631802,0.0,1.0,1.0,0.0,0.0,0.0,0.0,1.0
845,845.0,0.0,17.0,0.0,0.0,0.0169080739493,0.0,1.0,0.0,0.0,1.0,0.0,0.0,1.0
846,846.0,0.0,42.0,0.0,0.0,0.0147366185648,0.0,1.0,0.0,0.0,1.0,0.0,0.0,1.0
847,847.0,0.0,31.0,8.0,2.0,0.135752559097,0.0,1.0,0.0,0.0,1.0,0.0,0.0,1.0
848,848.0,0.0,35.0,0.0,0.0,0.0154115752137,0.0,1.0,1.0,0.0,0.0,0.0,0.0,1.0
849,849.0,0.0,28.0,0.0,1.0,0.0644117102832,0.0,1.0,0.0,0.0,1.0,0.0,1.0,0.0
850,850.0,1.0,35.0,1.0,0.0,0.173919815619,1.0,0.0,1.0,0.0,0.0,1.0,0.0,0.0
851,851.0,0.0,4.0,4.0,2.0,0.0610447345184,0.0,1.0,0.0,0.0,1.0,0.0,0.0,1.0
852,852.0,0.0,74.0,0.0,0.0,0.0151757893167,0.0,1.0,0.0,0.0,1.0,0.0,0.0,1.0
853,853.0,0.0,9.0,1.0,1.0,0.0297578197768,1.0,0.0,1.0,0.0,0.0,0.0,0.0,1.0
854,854.0,1.0,16.0,0.0,1.0,0.0769036783381,1.0,0.0,0.0,0.0,1.0,1.0,0.0,0.0
855,855.0,0.0,44.0,1.0,0.0,0.0507486202231,1.0,0.0,0.0,0.0,1.0,0.0,1.0,0.0
856,856.0,1.0,18.0,0.0,1.0,0.0182499845802,1.0,0.0,0.0,0.0,1.0,0.0,0.0,1.0
857,857.0,1.0,45.0,1.0,1.0,0.321798367144,1.0,0.0,0.0,0.0,1.0,1.0,0.0,0.0
858,858.0,1.0,51.0,0.0,0.0,0.0518221487278,0.0,1.0,0.0,0.0,1.0,1.0,0.0,0.0
859,859.0,1.0,24.0,0.0,3.0,0.0375896981862,1.0,0.0,1.0,0.0,0.0,0.0,0.0,1.0
860,860.0,0.0,31.0,0.0,0.0,0.014110458666,0.0,1.0,1.0,0.0,0.0,0.0,0.0,1.0
861,861.0,0.0,41.0,2.0,0.0,0.0275375676421,0.0,1.0,0.0,0.0,1.0,0.0,0.0,1.0
862,862.0,0.0,21.0,1.0,0.0,0.0224465050987,0.0,1.0,0.0,0.0,1.0,0.0,1.0,0.0
863,863.0,1.0,48.0,0.0,0.0,0.0506104278265,1.0,0.0,0.0,0.0,1.0,1.0,0.0,0.0
864,864.0,0.0,21.0,8.0,2.0,0.135752559097,1.0,0.0,0.0,0.0,1.0,0.0,0.0,1.0
865,865.0,0.0,24.0,0.0,0.0,0.0253743101115,0.0,1.0,0.0,0.0,1.0,0.0,1.0,0.0
866,866.0,1.0,42.0,0.0,0.0,0.0253743101115,1.0,0.0,0.0,0.0,1.0,0.0,1.0,0.0
867,867.0,1.0,27.0,1.0,0.0,0.0270496001399,1.0,0.0,1.0,0.0,0.0,0.0,1.0,0.0
868,868.0,0.0,31.0,0.0,0.0,0.0985612375793,0.0,1.0,0.0,0.0,1.0,1.0,0.0,0.0
869,869.0,0.0,31.0,0.0,0.0,0.0185427650815,0.0,1.0,0.0,0.0,1.0,0.0,0.0,1.0
870,870.0,1.0,4.0,1.0,1.0,0.0217307543665,0.0,1.0,0.0,0.0,1.0,0.0,0.0,1.0
871,871.0,0.0,26.0,0.0,0.0,0.0154115752137,0.0,1.0,0.0,0.0,1.0,0.0,0.0,1.0
872,872.0,1.0,47.0,1.0,1.0,0.102578966805,1.0,0.0,0.0,0.0,1.0,1.0,0.0,0.0
873,873.0,0.0,33.0,0.0,0.0,0.0097593500429,0.0,1.0,0.0,0.0,1.0,1.0,0.0,0.0
874,874.0,0.0,47.0,0.0,0.0,0.0175668300772,0.0,1.0,0.0,0.0,1.0,0.0,0.0,1.0
875,875.0,1.0,28.0,1.0,0.0,0.0468448802059,1.0,0.0,1.0,0.0,0.0,0.0,1.0,0.0
876,876.0,1.0,15.0,0.0,0.0,0.014102260812,1.0,0.0,1.0,0.0,0.0,0.0,0.0,1.0
877,877.0,0.0,20.0,0.0,0.0,0.0192177217305,0.0,1.0,0.0,0.0,1.0,0.0,0.0,1.0
878,878.0,0.0,19.0,0.0,0.0,0.0154115752137,0.0,1.0,0.0,0.0,1.0,0.0,0.0,1.0
879,879.0,0.0,31.0,0.0,0.0,0.0154115752137,0.0,1.0,0.0,0.0,1.0,0.0,0.0,1.0
880,880.0,1.0,56.0,0.0,1.0,0.162314191735,1.0,0.0,1.0,0.0,0.0,1.0,0.0,0.0
881,881.0,1.0,25.0,0.0,1.0,0.0507486202231,1.0,0.0,0.0,0.0,1.0,0.0,1.0,0.0
882,882.0,0.0,33.0,0.0,0.0,0.0154115752137,0.0,1.0,0.0,0.0,1.0,0.0,0.0,1.0
883,883.0,0.0,22.0,0.0,0.0,0.0205272313192,1.0,0.0,0.0,0.0,1.0,0.0,0.0,1.0
884,884.0,0.0,28.0,0.0,0.0,0.0204946350901,0.0,1.0,0.0,0.0,1.0,0.0,1.0,0.0
885,885.0,0.0,25.0,0.0,0.0,0.0137606835605,0.0,1.0,0.0,0.0,1.0,0.0,0.0,1.0
886,886.0,0.0,39.0,0.0,5.0,0.0568482139999,1.0,0.0,0.0,1.0,0.0,0.0,0.0,1.0
887,887.0,0.0,27.0,0.0,0.0,0.0253743101115,0.0,1.0,0.0,0.0,1.0,0.0,1.0,0.0
888,888.0,1.0,19.0,0.0,0.0,0.0585561002574,1.0,0.0,0.0,0.0,1.0,1.0,0.0,0.0
889,889.0,0.0,21.0,1.0,2.0,0.0457713517012,1.0,0.0,0.0,0.0,1.0,0.0,0.0,1.0
890,890.0,1.0,26.0,0.0,0.0,0.0585561002574,0.0,1.0,1.0,0.0,0.0,1.0,0.0,0.0
891,891.0,0.0,32.0,0.0,0.0,0.0151269925665,0.0,1.0,0.0,1.0,0.0,0.0,0.0,1.0
